:10000000780A0020091200002D12000031120000B1
:1000100035120000391200003D12000000000000FF
:10002000000000000000000000000000411200007D
:100030004512000000000000491200004D120000AF
:100040005112000055120000591200005D1200000C
:100050006112000065120000691200006D120000BC
:100060007112000075120000791200007D1200006C
:100070008112000085120000891200008D1200001C
:100080009112000095120000991200009D120000CC
:10009000A1120000A5120000A9120000AD1200007C
:1000A000B1120000B5120000B9120000BD1200002C
:1000B000C1120000C5120000C9120000CD120000DC
:1000C000D1120000D5120000D9120000DD1200008C
:1000D000E1120000E5120000E9120000ED1200003C
:1000E000F1120000F5120000F9120000FD120000EC
:1000F0000113000005130000091300000D13000098
:100100001113000015130000191300001D13000047
:100110002113000025130000291300002D130000F7
:100120003113000035130000391300003D130000A7
:100130004113000045130000491300004D13000057
:100140005113000055130000591300005D13000007
:100150006113000065130000691300006D130000B7
:100160007113000075130000791300007D13000067
:100170008113000085130000891300008D13000017
:1001800091130000000000000000000000000000CB
:1001900095130000991300009D130000A1130000A7
:1001A000A5130000A9130000AD130000B113000057
:1001B000B5130000B9130000BD130000C113000007
:1001C000DFF800F001000020DFF800F05B00002005
:1001D000DFF800F0B5000020DFF8641440B24209F7
:1001E00051F8221010F01F000A00C24012F0010066
:1001F0007047012110F01F029140DFF8482440B2FF
:10020000400942F8201070470120DFF83C140860D4
:100210000020DFF8381408600920DFF83414086083
:100220006020DFF8301408600020DFF82C1408602C
:100230007620DFF8281408600E20DFF82414086008
:100240000120DFF8201408600120DFF81C1408608A
:10025000704710B508210022DFF81044200000F09C
:1002600023FABD20DFF8041408700121DFF8FC0335
:1002700000F0D3F9AA20DFF8F4130870A120DFF80A
:10028000EC134870BD20DFF8E4138870A320DFF87A
:10029000DC13C870A420DFF8D4130871A520DFF8A0
:1002A000CC134871A620DFF8C4138871A720DFF8AB
:1002B000BC13C8710821DFF8B40300F0AEF94FF4A5
:1002C0008040FFF77DFF4FF4A040FFF779FF4FF428
:1002D000C040FFF775FF4FF4E040FFF771FFDFF814
:1002E00090034068FFF770FFDFF884038068FFF732
:1002F0006BFFDFF87C03C068FFF766FFDFF8700371
:100300000069FFF761FFDFF868034069FFF75CFFF2
:10031000DFF85C038069FFF757FFDFF85403C0691B
:10032000FFF752FFDFF84803006AFFF74DFFDFF8E1
:100330004003406AFFF748FFDFF83403806AFFF7A5
:1003400043FFDFF82C03C06AFFF73EFFDFF820030E
:10035000006BFFF739FFDFF81803406BFFF734FF3E
:10036000DFF80C03806BFFF72FFFDFF80403C06B8F
:10037000FFF72AFF5FF4C021002000F03DFABD49DD
:100380000880BD488088BB490988884201D1012086
:1003900000E0002010BD80B500208DF8000000A80E
:1003A00000F024F901280AD19DF80000B349B44AAD
:1003B00012785054B2480078401CB1490870B048D7
:1003C0000078002830D10020AD490870AB48007893
:1003D000AA2820D1A9484078A0281CD1A748807815
:1003E000502818D1A548C078A02814D1A348007976
:1003F000A4490870A1484079A34908709F488079B2
:10040000A2490870BD20994908700121974800F061
:1004100004F9022010E0002094490870012193485B
:1004200000F0FBF8012007E094480078AA2802D0E9
:10043000002093490870012002BD80B500208DF88E
:10044000000000A800F0D2F801280AD19DF80000B1
:100450008A498F4A128850548D480088401C8C4924
:1004600008808B480088B0F5827F47D100208849FA
:1004700008800020874908800020874908800DE017
:10048000844800887D49844A1288515C401881491B
:10049000088081480088401C7F4908807E48008889
:1004A000FF28EDDD754890F80001AA281FD1734898
:1004B00090F8010177490988C9B2884217D16F487D
:1004C00090F802017349098889B2090AC9B28842C1
:1004D0000DD16A4890F80301A02808D1BD206349D6
:1004E00008700121614800F098F8032007E000201F
:1004F0005E49087001215D4800F08FF8022002BDBE
:1005000010B500245F48007854EA00445E48007843
:1005100054EA00245D480078044300F065F80100C7
:100520002000FFF755FE042010BD10B55548007897
:10053000502827D15FF4C021002000F05DF9574911
:10054000088050204949087054480088474948703D
:100550005248008880B2000A444988700321434809
:1005600000F05BF84148407844498978884207D1D7
:100570003E4880784149C978884201D105202AE067
:10058000002028E04FF480713E4800784FF48052FC
:100590003D4B1B784FF48074634302FB00303B4AB1
:1005A0001278801800F028F93C490880334890F808
:1005B00001013A490988C9B2884208D150202B4923
:1005C00008700121294800F028F8012003E00020EC
:1005D00026490870002010BD80B5002000F0BAF850
:1005E00000F0D5F8052002BD2448704738B5040056
:1005F00000252B480068401C294908600620FFF7A9
:10060000EBFD002806D02748006820700125062051
:10061000FFF7EFFD2800C0B232BD10B400220AE09F
:10062000135C204C2360064B1B681B06FBD5802304
:10063000044C2360521C8A42F2D310BC7047000065
:1006400000E200E080E200E000100E4008100E40E2
:100650000C100E4018100E401C100E4010100E40D2
:1006600014100E401003C2439401C24350020020F4
:10067000D010000066020020241200004C0100206F
:100680007402002071020020720200207302002018
:10069000680200206C0200206A0200206E02002026
:1006A0006002002004100E4062F30F2262F31F422A
:1006B000401810F0030308D0C91A1FD3DB0748BF46
:1006C00000F8012D28BF20F8022D130030B4144685
:1006D0001546103928BF20E93C00FAD8490728BF41
:1006E00020E90C0048BF40F8042D890028BF20F8FD
:1006F000022D48BF00F8012D30BC7047C91818BF43
:1007000000F8012DCB0728BF00F8012D704710B469
:1007100050F8041B81B102681218001D50F8043B08
:10072000DC0744BFA9F10104E31852F8044B43F875
:10073000044B091FF9D1EBE710BC70475220274941
:100740000860B120264908607047000080F30888DF
:1007500070477047C0B201280CD14420214908706D
:100760004F20214908704C20204908704F20204913
:1007700008700BE000201B49087000201A4908701F
:1007800000201A490870002019490870704710B5F8
:1007900044F204044FF480400068FFF7D7FF4FF4A1
:1007A0008040144908602068804710BD0D480078DB
:1007B000C0B2442810D10C480078C0B24F280BD1E9
:1007C0000A480078C0B24C2806D109480078C0B267
:1007D0004F2801D1012000E00020704700200F4089
:1007E00004200F40037F0020027F0020017F0020B3
:1007F000007F002008ED00E0002204E0037852FAB8
:1008000083F2401C491E0029F8D1100080B27047C5
:100810000020DFF8D0120860FF20DFF8CC1208605B
:100820000020DFF8C81208600020DFF8C41208605A
:100830000020DFF8C01208600020DFF8BC1208605A
:100840000020DFF8B81208600020DFF8B41208605A
:100850000020DFF8B01208602820DFF8AC12086032
:10086000F820DFF8A8120860C020DFF8A4120860A2
:100870000720DFF8A0120860D820DFF89C1208607B
:100880000020DFF8981208600020DFF8941208605A
:100890000020DFF8901208600020DFF88C1208605A
:1008A0000020DFF888120860FF20DFF8841208605B
:1008B0000020DFF8801208600020DFF87C1208605A
:1008C0000020DFF8781208600020DFF8741208605A
:1008D0000020DFF8701208600020DFF86C1208605A
:1008E0000020DFF8681208600020DFF8641208605A
:1008F0000020DFF8601208600020DFF85C1208605A
:100900000520DFF8581208600320DFF85412086051
:100910000020DFF8501208600020DFF84C12086059
:100920000020DFF8481208600020DFF84412086059
:10093000FA20DFF8401208600020DFF83C1208605F
:100940000120DFF8381208600020DFF83412086058
:100950000020DFF8301208600020DFF82C12086059
:100960000020DFF8281208600020DFF82412086059
:100970000020DFF8201208600020DFF81C12086059
:100980000020DFF8181208600020DFF81412086059
:100990000020DFF8101208600020DFF80C12086059
:1009A0000020DFF8081208600020DFF80412086059
:1009B0000720DFF8001208600020DFF8FC11086053
:1009C0000020DFF8F81108600020DFF8F41108605B
:1009D0000820DFF8F01108600020DFF8EC11086053
:1009E0000020DFF8E81108600020DFF8E41108605B
:1009F0000020DFF8E0110860FF20DFF8DC1108605C
:100A00008020DFF8D81108600020DFF8D4110860DA
:100A10000020DFF8D01108600020DFF8CC1108605A
:100A20000020DFF8C8110860FF20DFF8C41108605B
:100A30000020DFF8C01108600020DFF8BC1108605A
:100A40000020DFF8B81108600020DFF8B41108605A
:100A50000020DFF8B01108600020DFF8AC1108605A
:100A60000320DFF8A81108600020DFF8A411086057
:100A70000020DFF8A01108600020DFF89C1108605A
:100A80000020DFF8981108600020DFF8941108605A
:100A90000320DFF8901108600020DFF88C11086057
:100AA0000020DFF8881108600020DFF8841108605A
:100AB0000020DFF8801108600020DFF87C1108605A
:100AC0000020DFF8781108600020DFF8741108605A
:100AD0000720DFF8701108600020DFF86C11086053
:100AE0007047000000000C4004000C4008000C405F
:100AF0000C000C4028000C402C000C4030000C4036
:100B000038000C4000010C4004010C4008010C406E
:100B10002C010C4030010C4038010C4000020C400C
:100B200004020C4008020C4028020C402C020C402D
:100B300030020C4038020C4000030C4004030C400F
:100B400008030C400C030C4028030C402C030C4001
:100B500030030C4038030C4000040C4004040C40EB
:100B600008040C400C040C4028040C402C040C40DD
:100B700030040C4038040C4000050C4004050C40C7
:100B800008050C400C050C4028050C402C050C40B9
:100B900030050C4038050C4000060C4004060C40A3
:100BA00028060C402C060C4030060C4038060C4041
:100BB00000070C4004070C4028070C402C070C4091
:100BC00030070C4038070C40000D0C40040D0C4061
:100BD000280D0C402C0D0C40300D0C40380D0C40F5
:100BE00000080C4004080C4028080C402C080C405D
:100BF00030080C4038080C4000090C4004090C4037
:100C000008090C4028090C402C090C4030090C4004
:100C100038090C40000A0C40040A0C40280A0C4019
:100C20002C0A0C40300A0C40380A0C40000C0C40D6
:100C3000040C0C40080C0C400C0C0C40280C0C4014
:100C40002C0C0C40300C0C40380C0C4080B500F0E3
:100C500003F800F091F801BD80B58A4800688A4920
:100C6000884207D287480068401C8649086085484A
:100C7000006804E0002083490860824800688148D9
:100C800000688249884209D08149884223D081493D
:100C900088423CD07C49884254D06CE07E48008831
:100CA000001210F00F0000F087F87C4908707A48B5
:100CB000008880B2000BC0B200F07EF8774948701F
:100CC000482000F079F875498870082000F074F821
:100CD0007249C8704FE07048007810F00F0000F0C3
:100CE0006BF86E4908706C480088C0F30310C0B2FE
:100CF00000F062F8694948704C2000F05DF86749DF
:100D00008870082000F058F86449C87033E06448DF
:100D10000088001210F00F0000F04EF85F490870D4
:100D20005F48008880B2000BC0B200F045F85B4914
:100D30004870482000F040F8584988700020574912
:100D4000C87018E05648007810F00F0000F034F832
:100D50005249087052480088C0F30310C0B200F036
:100D60002BF84E4948704C2000F026F84B4988700B
:100D700000204A49C87001BD80B54A480078401C2F
:100D80004849087047480078042805DB0020454999
:100D900008704448007801E04248007800F01AF8F2
:100DA0004048007800F04AF83C483E490978085C21
:100DB00080B200F062F801BDC0B2102803DA3A49EF
:100DC000C0B2405C04E03949C0B2401810F8410C90
:100DD000C0B2704700200020354908600020354926
:100DE0000860002034490860002034490860002071
:100DF00000E0401CC0B23228FBDB00205FF08741DE
:100E0000086000202E49086000202E49086000205C
:100E10002D49086000202D49086000202C490860F9
:100E200000202C49086000BF00BF00BF002000E088
:100E3000401CC0B23228FBDB70470000C0B2002863
:100E400003D101201A49086013E0C0B2012803D180
:100E50000120184908600CE0C0B2022803D101202B
:100E60001549086005E0C0B2032802D101201349EA
:100E7000086000BF00BF00BF704710F07F00164938
:100E8000086070475C020020801A0600A0860100FE
:100E9000400D0300E093040064020020580200208B
:100EA0006602002070020020F8110000801100008E
:100EB0000C4080430840804304408043004080430E
:100EC00004008043080080430C00804310008043EE
:100ED000140080431800804300000C400020484963
:100EE000086048480068002802D1B12046490860DF
:100EF0004648006850F4700044490860F9204449AD
:100F000008600020434908600620414908604248C3
:100F100000680003000B404908603F48006850F03B
:100F20002C603D49086001203C49086001203C4993
:100F3000086001203B4908603B4800680028FBD15D
:100F400001202B4908602A4800680128FBD10020B5
:100F500036490860304800680003000B2E490860DD
:100F60002D48006850F078702B49086030480068C0
:100F70006FF34F002E4908602D48006840F433405D
:100F800050F05C002A490860012026490860264884
:100F900000680028FBD1204800680003000B1E49B0
:100FA00008601D48006850F0FA601B490860012085
:100FB0001149086001201B4908601B48006800288F
:100FC000FBD101200B4908605FF480300B490860B9
:100FD0000A480068C008C00008490860074800685F
:100FE0000649086040F2031012490860704700008B
:100FF000C400E6438001E6438800E64300300F402A
:1010000000200F401C00E44304200F4088ED00E066
:1010100000100F4004100F4004300F40A000E643C2
:10102000CC00E6438000E6438400E643C000E6438C
:101030000C300F4008300F4010B572B60020006829
:10104000FFF784FB00201D490860FFF777FBFFF7DF
:10105000DFFBFFF7D9F800244FF480410020FFF7B1
:10106000CBFB1749088000F00EF8002802D0FFF7EC
:101070008EFB10BDFFF7EAFD1248E4B250F82400E1
:1010800080470400F6E780B5FFF790FB012812D0F7
:101090005FF4C0210020FFF7AFFB0B49098889B23C
:1010A00080B2814207D106480088084909888842F1
:1010B00001D1012000E0002002BD000008ED00E0A9
:1010C00064020020E0110000F2FF0500241200007D
:1010D000000000000080000000000100008001000E
:1010E00000000200008002000000030000800300F6
:1010F00000000400008004000000050000800500DE
:1011000000000600008006000000070000800700C5
:1011100010B5074979441831064C7C44163404E074
:101120000A68081D511888470146A142F8D110BD30
:101130002C0000004C00000050F8041B61B150F876
:10114000042BD30744BFA9F101039A180023091FF8
:1011500042F8043BFAD1EFE770470000DDFFFFFFE4
:101160002C0100004C01002000000000A3F5FFFF4F
:101170004C010000500200000000002000000000B0
:10118000777C395E79716F76061F003800543F73A3
:1011900067506D783E0000006608000000F00BF814
:1011A000002801D0FFF7B4FF0020C046C046FFF77B
:1011B00043FF00F002F80120704700F001B8000082
:1011C0000746384600F002F8FBE7000080B5C0464D
:1011D000C046024A11001820ABBEFBE72600020001
:1011E00053020000970300003B04000001050000CB
:1011F0002B050000D90500003F065B4F666D7D277B
:101200007F6F777C395E79710148804701480047DC
:10121000DD0E000019120000C046C046C046C046A0
:10122000FFF7BCFF256EDA9125AEDA51FFF7FEBF5E
:10123000FFF7FEBFFFF7FEBFFFF7FEBFFFF7FEBFE2
:10124000FFF7FEBFFFF7FEBFFFF7FEBFFFF7FEBFD2
:10125000FFF7FEBFFFF7FEBFFFF7FEBFFFF7FEBFC2
:10126000FFF7FEBFFFF7FEBFFFF7FEBFFFF7FEBFB2
:10127000FFF7FEBFFFF7FEBFFFF7FEBFFFF7FEBFA2
:10128000FFF7FEBFFFF7FEBFFFF7FEBFFFF7FEBF92
:10129000FFF7FEBFFFF7FEBFFFF7FEBFFFF7FEBF82
:1012A000FFF7FEBFFFF7FEBFFFF7FEBFFFF7FEBF72
:1012B000FFF7FEBFFFF7FEBFFFF7FEBFFFF7FEBF62
:1012C000FFF7FEBFFFF7FEBFFFF7E2BFFFF7FEBF6E
:1012D000FFF7FEBFFFF7FEBFFFF7FEBFFFF7FEBF42
:1012E000FFF7FEBFFFF7FEBFFFF7FEBFFFF7FEBF32
:1012F000FFF7FEBFFFF7FEBFFFF7FEBFFFF7FEBF22
:10130000FFF7FEBFFFF7FEBFFFF7FEBFFFF7FEBF11
:10131000FFF7FEBFFFF7FEBFFFF7FEBFFFF7FEBF01
:10132000FFF7FEBFFFF7FEBFFFF7FEBFFFF7FEBFF1
:10133000FFF7FEBFFFF7FEBFFFF7FEBFFFF7FEBFE1
:10134000FFF7FEBFFFF7FEBFFFF7FEBFFFF7FEBFD1
:10135000FFF7FEBFFFF7FEBFFFF7FEBFFFF7FEBFC1
:10136000FFF7FEBFFFF7FEBFFFF7FEBFFFF7FEBFB1
:10137000FFF7FEBFFFF7FEBFFFF7FEBFFFF7FEBFA1
:10138000FFF7FEBFFFF7FEBFFFF7FEBFFFF7FEBF91
:10139000FFF7FEBFFFF7FEBFFFF7FEBFFFF7FEBF81
:1013A000FFF7FEBFFFF7FEBFFFF7FEBFFFF7FEBF71
:1013B000FFF7FEBFFFF7FEBFFFF7FEBFFFF7FEBF61
:1013C000FFF7FEBF70B506004D4C4E4D0720C0B272
:1013D0004D4908604C490968C0B28142FAD1360BC8
:1013E000360356F0BC46F020286000F083F8AA20AF
:1013F00020605520286080202060AA202060552091
:1014000028604020307000F075F80020C0B23E49DE
:1014100008603D490968C0B28142FAD170BD70B51B
:101420000600374C374D0720C0B2374908603649AF
:101430000968C0B28142FAD1B60BB60356F0BC4679
:10144000F020286000F056F8AA202060552028607F
:1014500080202060AA202060552028603020307035
:1014600000F048F80020C0B2274908602649096802
:10147000C0B28142FAD170BD2DE9F04180460F0023
:101480001F4C204D5FEA18285FEA082858F0BC4836
:10149000002616E03968C8F800103F1D401C0428DB
:1014A000F8DB18F1100800F025F8F0202860002083
:1014B000C0B21549086014490968C0B28142FAD126
:1014C000761C102E14DA0720C0B20F4908600E49AE
:1014D0000968C0B28142FAD1F020286000F00AF811
:1014E000AA20206055202860A02020600020D6E798
:1014F000BDE8F08105480068C007FBD570470000D3
:101500000054005E00AA005E4001FF5D2000FF5D08
:10151000FFFFFFFFFFFFFFFFFFFFFFFFFFFFFFFFDB
:10152000FFFFFFFFFFFFFFFFFFFFFFFFFFFFFFFFCB
:10153000FFFFFFFFFFFFFFFFFFFFFFFFFFFFFFFFBB
:10154000FFFFFFFFFFFFFFFFFFFFFFFFFFFFFFFFAB
:10155000FFFFFFFFFFFFFFFFFFFFFFFFFFFFFFFF9B
:10156000FFFFFFFFFFFFFFFFFFFFFFFFFFFFFFFF8B
:10157000FFFFFFFFFFFFFFFFFFFFFFFFFFFFFFFF7B
:10158000FFFFFFFFFFFFFFFFFFFFFFFFFFFFFFFF6B
:10159000FFFFFFFFFFFFFFFFFFFFFFFFFFFFFFFF5B
:1015A000FFFFFFFFFFFFFFFFFFFFFFFFFFFFFFFF4B
:1015B000FFFFFFFFFFFFFFFFFFFFFFFFFFFFFFFF3B
:1015C000FFFFFFFFFFFFFFFFFFFFFFFFFFFFFFFF2B
:1015D000FFFFFFFFFFFFFFFFFFFFFFFFFFFFFFFF1B
:1015E000FFFFFFFFFFFFFFFFFFFFFFFFFFFFFFFF0B
:1015F000FFFFFFFFFFFFFFFFFFFFFFFFFFFFFFFFFB
:10160000FFFFFFFFFFFFFFFFFFFFFFFFFFFFFFFFEA
:10161000FFFFFFFFFFFFFFFFFFFFFFFFFFFFFFFFDA
:10162000FFFFFFFFFFFFFFFFFFFFFFFFFFFFFFFFCA
:10163000FFFFFFFFFFFFFFFFFFFFFFFFFFFFFFFFBA
:10164000FFFFFFFFFFFFFFFFFFFFFFFFFFFFFFFFAA
:10165000FFFFFFFFFFFFFFFFFFFFFFFFFFFFFFFF9A
:10166000FFFFFFFFFFFFFFFFFFFFFFFFFFFFFFFF8A
:10167000FFFFFFFFFFFFFFFFFFFFFFFFFFFFFFFF7A
:10168000FFFFFFFFFFFFFFFFFFFFFFFFFFFFFFFF6A
:10169000FFFFFFFFFFFFFFFFFFFFFFFFFFFFFFFF5A
:1016A000FFFFFFFFFFFFFFFFFFFFFFFFFFFFFFFF4A
:1016B000FFFFFFFFFFFFFFFFFFFFFFFFFFFFFFFF3A
:1016C000FFFFFFFFFFFFFFFFFFFFFFFFFFFFFFFF2A
:1016D000FFFFFFFFFFFFFFFFFFFFFFFFFFFFFFFF1A
:1016E000FFFFFFFFFFFFFFFFFFFFFFFFFFFFFFFF0A
:1016F000FFFFFFFFFFFFFFFFFFFFFFFFFFFFFFFFFA
:10170000FFFFFFFFFFFFFFFFFFFFFFFFFFFFFFFFE9
:10171000FFFFFFFFFFFFFFFFFFFFFFFFFFFFFFFFD9
:10172000FFFFFFFFFFFFFFFFFFFFFFFFFFFFFFFFC9
:10173000FFFFFFFFFFFFFFFFFFFFFFFFFFFFFFFFB9
:10174000FFFFFFFFFFFFFFFFFFFFFFFFFFFFFFFFA9
:10175000FFFFFFFFFFFFFFFFFFFFFFFFFFFFFFFF99
:10176000FFFFFFFFFFFFFFFFFFFFFFFFFFFFFFFF89
:10177000FFFFFFFFFFFFFFFFFFFFFFFFFFFFFFFF79
:10178000FFFFFFFFFFFFFFFFFFFFFFFFFFFFFFFF69
:10179000FFFFFFFFFFFFFFFFFFFFFFFFFFFFFFFF59
:1017A000FFFFFFFFFFFFFFFFFFFFFFFFFFFFFFFF49
:1017B000FFFFFFFFFFFFFFFFFFFFFFFFFFFFFFFF39
:1017C000FFFFFFFFFFFFFFFFFFFFFFFFFFFFFFFF29
:1017D000FFFFFFFFFFFFFFFFFFFFFFFFFFFFFFFF19
:1017E000FFFFFFFFFFFFFFFFFFFFFFFFFFFFFFFF09
:1017F000FFFFFFFFFFFFFFFFFFFFFFFFFFFFFFFFF9
:10180000FFFFFFFFFFFFFFFFFFFFFFFFFFFFFFFFE8
:10181000FFFFFFFFFFFFFFFFFFFFFFFFFFFFFFFFD8
:10182000FFFFFFFFFFFFFFFFFFFFFFFFFFFFFFFFC8
:10183000FFFFFFFFFFFFFFFFFFFFFFFFFFFFFFFFB8
:10184000FFFFFFFFFFFFFFFFFFFFFFFFFFFFFFFFA8
:10185000FFFFFFFFFFFFFFFFFFFFFFFFFFFFFFFF98
:10186000FFFFFFFFFFFFFFFFFFFFFFFFFFFFFFFF88
:10187000FFFFFFFFFFFFFFFFFFFFFFFFFFFFFFFF78
:10188000FFFFFFFFFFFFFFFFFFFFFFFFFFFFFFFF68
:10189000FFFFFFFFFFFFFFFFFFFFFFFFFFFFFFFF58
:1018A000FFFFFFFFFFFFFFFFFFFFFFFFFFFFFFFF48
:1018B000FFFFFFFFFFFFFFFFFFFFFFFFFFFFFFFF38
:1018C000FFFFFFFFFFFFFFFFFFFFFFFFFFFFFFFF28
:1018D000FFFFFFFFFFFFFFFFFFFFFFFFFFFFFFFF18
:1018E000FFFFFFFFFFFFFFFFFFFFFFFFFFFFFFFF08
:1018F000FFFFFFFFFFFFFFFFFFFFFFFFFFFFFFFFF8
:10190000FFFFFFFFFFFFFFFFFFFFFFFFFFFFFFFFE7
:10191000FFFFFFFFFFFFFFFFFFFFFFFFFFFFFFFFD7
:10192000FFFFFFFFFFFFFFFFFFFFFFFFFFFFFFFFC7
:10193000FFFFFFFFFFFFFFFFFFFFFFFFFFFFFFFFB7
:10194000FFFFFFFFFFFFFFFFFFFFFFFFFFFFFFFFA7
:10195000FFFFFFFFFFFFFFFFFFFFFFFFFFFFFFFF97
:10196000FFFFFFFFFFFFFFFFFFFFFFFFFFFFFFFF87
:10197000FFFFFFFFFFFFFFFFFFFFFFFFFFFFFFFF77
:10198000FFFFFFFFFFFFFFFFFFFFFFFFFFFFFFFF67
:10199000FFFFFFFFFFFFFFFFFFFFFFFFFFFFFFFF57
:1019A000FFFFFFFFFFFFFFFFFFFFFFFFFFFFFFFF47
:1019B000FFFFFFFFFFFFFFFFFFFFFFFFFFFFFFFF37
:1019C000FFFFFFFFFFFFFFFFFFFFFFFFFFFFFFFF27
:1019D000FFFFFFFFFFFFFFFFFFFFFFFFFFFFFFFF17
:1019E000FFFFFFFFFFFFFFFFFFFFFFFFFFFFFFFF07
:1019F000FFFFFFFFFFFFFFFFFFFFFFFFFFFFFFFFF7
:101A0000FFFFFFFFFFFFFFFFFFFFFFFFFFFFFFFFE6
:101A1000FFFFFFFFFFFFFFFFFFFFFFFFFFFFFFFFD6
:101A2000FFFFFFFFFFFFFFFFFFFFFFFFFFFFFFFFC6
:101A3000FFFFFFFFFFFFFFFFFFFFFFFFFFFFFFFFB6
:101A4000FFFFFFFFFFFFFFFFFFFFFFFFFFFFFFFFA6
:101A5000FFFFFFFFFFFFFFFFFFFFFFFFFFFFFFFF96
:101A6000FFFFFFFFFFFFFFFFFFFFFFFFFFFFFFFF86
:101A7000FFFFFFFFFFFFFFFFFFFFFFFFFFFFFFFF76
:101A8000FFFFFFFFFFFFFFFFFFFFFFFFFFFFFFFF66
:101A9000FFFFFFFFFFFFFFFFFFFFFFFFFFFFFFFF56
:101AA000FFFFFFFFFFFFFFFFFFFFFFFFFFFFFFFF46
:101AB000FFFFFFFFFFFFFFFFFFFFFFFFFFFFFFFF36
:101AC000FFFFFFFFFFFFFFFFFFFFFFFFFFFFFFFF26
:101AD000FFFFFFFFFFFFFFFFFFFFFFFFFFFFFFFF16
:101AE000FFFFFFFFFFFFFFFFFFFFFFFFFFFFFFFF06
:101AF000FFFFFFFFFFFFFFFFFFFFFFFFFFFFFFFFF6
:101B0000FFFFFFFFFFFFFFFFFFFFFFFFFFFFFFFFE5
:101B1000FFFFFFFFFFFFFFFFFFFFFFFFFFFFFFFFD5
:101B2000FFFFFFFFFFFFFFFFFFFFFFFFFFFFFFFFC5
:101B3000FFFFFFFFFFFFFFFFFFFFFFFFFFFFFFFFB5
:101B4000FFFFFFFFFFFFFFFFFFFFFFFFFFFFFFFFA5
:101B5000FFFFFFFFFFFFFFFFFFFFFFFFFFFFFFFF95
:101B6000FFFFFFFFFFFFFFFFFFFFFFFFFFFFFFFF85
:101B7000FFFFFFFFFFFFFFFFFFFFFFFFFFFFFFFF75
:101B8000FFFFFFFFFFFFFFFFFFFFFFFFFFFFFFFF65
:101B9000FFFFFFFFFFFFFFFFFFFFFFFFFFFFFFFF55
:101BA000FFFFFFFFFFFFFFFFFFFFFFFFFFFFFFFF45
:101BB000FFFFFFFFFFFFFFFFFFFFFFFFFFFFFFFF35
:101BC000FFFFFFFFFFFFFFFFFFFFFFFFFFFFFFFF25
:101BD000FFFFFFFFFFFFFFFFFFFFFFFFFFFFFFFF15
:101BE000FFFFFFFFFFFFFFFFFFFFFFFFFFFFFFFF05
:101BF000FFFFFFFFFFFFFFFFFFFFFFFFFFFFFFFFF5
:101C0000FFFFFFFFFFFFFFFFFFFFFFFFFFFFFFFFE4
:101C1000FFFFFFFFFFFFFFFFFFFFFFFFFFFFFFFFD4
:101C2000FFFFFFFFFFFFFFFFFFFFFFFFFFFFFFFFC4
:101C3000FFFFFFFFFFFFFFFFFFFFFFFFFFFFFFFFB4
:101C4000FFFFFFFFFFFFFFFFFFFFFFFFFFFFFFFFA4
:101C5000FFFFFFFFFFFFFFFFFFFFFFFFFFFFFFFF94
:101C6000FFFFFFFFFFFFFFFFFFFFFFFFFFFFFFFF84
:101C7000FFFFFFFFFFFFFFFFFFFFFFFFFFFFFFFF74
:101C8000FFFFFFFFFFFFFFFFFFFFFFFFFFFFFFFF64
:101C9000FFFFFFFFFFFFFFFFFFFFFFFFFFFFFFFF54
:101CA000FFFFFFFFFFFFFFFFFFFFFFFFFFFFFFFF44
:101CB000FFFFFFFFFFFFFFFFFFFFFFFFFFFFFFFF34
:101CC000FFFFFFFFFFFFFFFFFFFFFFFFFFFFFFFF24
:101CD000FFFFFFFFFFFFFFFFFFFFFFFFFFFFFFFF14
:101CE000FFFFFFFFFFFFFFFFFFFFFFFFFFFFFFFF04
:101CF000FFFFFFFFFFFFFFFFFFFFFFFFFFFFFFFFF4
:101D0000FFFFFFFFFFFFFFFFFFFFFFFFFFFFFFFFE3
:101D1000FFFFFFFFFFFFFFFFFFFFFFFFFFFFFFFFD3
:101D2000FFFFFFFFFFFFFFFFFFFFFFFFFFFFFFFFC3
:101D3000FFFFFFFFFFFFFFFFFFFFFFFFFFFFFFFFB3
:101D4000FFFFFFFFFFFFFFFFFFFFFFFFFFFFFFFFA3
:101D5000FFFFFFFFFFFFFFFFFFFFFFFFFFFFFFFF93
:101D6000FFFFFFFFFFFFFFFFFFFFFFFFFFFFFFFF83
:101D7000FFFFFFFFFFFFFFFFFFFFFFFFFFFFFFFF73
:101D8000FFFFFFFFFFFFFFFFFFFFFFFFFFFFFFFF63
:101D9000FFFFFFFFFFFFFFFFFFFFFFFFFFFFFFFF53
:101DA000FFFFFFFFFFFFFFFFFFFFFFFFFFFFFFFF43
:101DB000FFFFFFFFFFFFFFFFFFFFFFFFFFFFFFFF33
:101DC000FFFFFFFFFFFFFFFFFFFFFFFFFFFFFFFF23
:101DD000FFFFFFFFFFFFFFFFFFFFFFFFFFFFFFFF13
:101DE000FFFFFFFFFFFFFFFFFFFFFFFFFFFFFFFF03
:101DF000FFFFFFFFFFFFFFFFFFFFFFFFFFFFFFFFF3
:101E0000FFFFFFFFFFFFFFFFFFFFFFFFFFFFFFFFE2
:101E1000FFFFFFFFFFFFFFFFFFFFFFFFFFFFFFFFD2
:101E2000FFFFFFFFFFFFFFFFFFFFFFFFFFFFFFFFC2
:101E3000FFFFFFFFFFFFFFFFFFFFFFFFFFFFFFFFB2
:101E4000FFFFFFFFFFFFFFFFFFFFFFFFFFFFFFFFA2
:101E5000FFFFFFFFFFFFFFFFFFFFFFFFFFFFFFFF92
:101E6000FFFFFFFFFFFFFFFFFFFFFFFFFFFFFFFF82
:101E7000FFFFFFFFFFFFFFFFFFFFFFFFFFFFFFFF72
:101E8000FFFFFFFFFFFFFFFFFFFFFFFFFFFFFFFF62
:101E9000FFFFFFFFFFFFFFFFFFFFFFFFFFFFFFFF52
:101EA000FFFFFFFFFFFFFFFFFFFFFFFFFFFFFFFF42
:101EB000FFFFFFFFFFFFFFFFFFFFFFFFFFFFFFFF32
:101EC000FFFFFFFFFFFFFFFFFFFFFFFFFFFFFFFF22
:101ED000FFFFFFFFFFFFFFFFFFFFFFFFFFFFFFFF12
:101EE000FFFFFFFFFFFFFFFFFFFFFFFFFFFFFFFF02
:101EF000FFFFFFFFFFFFFFFFFFFFFFFFFFFFFFFFF2
:101F0000FFFFFFFFFFFFFFFFFFFFFFFFFFFFFFFFE1
:101F1000FFFFFFFFFFFFFFFFFFFFFFFFFFFFFFFFD1
:101F2000FFFFFFFFFFFFFFFFFFFFFFFFFFFFFFFFC1
:101F3000FFFFFFFFFFFFFFFFFFFFFFFFFFFFFFFFB1
:101F4000FFFFFFFFFFFFFFFFFFFFFFFFFFFFFFFFA1
:101F5000FFFFFFFFFFFFFFFFFFFFFFFFFFFFFFFF91
:101F6000FFFFFFFFFFFFFFFFFFFFFFFFFFFFFFFF81
:101F7000FFFFFFFFFFFFFFFFFFFFFFFFFFFFFFFF71
:101F8000FFFFFFFFFFFFFFFFFFFFFFFFFFFFFFFF61
:101F9000FFFFFFFFFFFFFFFFFFFFFFFFFFFFFFFF51
:101FA000FFFFFFFFFFFFFFFFFFFFFFFFFFFFFFFF41
:101FB000FFFFFFFFFFFFFFFFFFFFFFFFFFFFFFFF31
:101FC000FFFFFFFFFFFFFFFFFFFFFFFFFFFFFFFF21
:101FD000FFFFFFFFFFFFFFFFFFFFFFFFFFFFFFFF11
:101FE000FFFFFFFFFFFFFFFFFFFFFFFFFFFFFFFF01
:101FF000FFFFFFFFFFFFFFFFFFFFFFFFFFFFFFFFF1
:10200000FFFFFFFFFFFFFFFFFFFFFFFFFFFFFFFFE0
:10201000FFFFFFFFFFFFFFFFFFFFFFFFFFFFFFFFD0
:10202000FFFFFFFFFFFFFFFFFFFFFFFFFFFFFFFFC0
:10203000FFFFFFFFFFFFFFFFFFFFFFFFFFFFFFFFB0
:10204000FFFFFFFFFFFFFFFFFFFFFFFFFFFFFFFFA0
:10205000FFFFFFFFFFFFFFFFFFFFFFFFFFFFFFFF90
:10206000FFFFFFFFFFFFFFFFFFFFFFFFFFFFFFFF80
:10207000FFFFFFFFFFFFFFFFFFFFFFFFFFFFFFFF70
:10208000FFFFFFFFFFFFFFFFFFFFFFFFFFFFFFFF60
:10209000FFFFFFFFFFFFFFFFFFFFFFFFFFFFFFFF50
:1020A000FFFFFFFFFFFFFFFFFFFFFFFFFFFFFFFF40
:1020B000FFFFFFFFFFFFFFFFFFFFFFFFFFFFFFFF30
:1020C000FFFFFFFFFFFFFFFFFFFFFFFFFFFFFFFF20
:1020D000FFFFFFFFFFFFFFFFFFFFFFFFFFFFFFFF10
:1020E000FFFFFFFFFFFFFFFFFFFFFFFFFFFFFFFF00
:1020F000FFFFFFFFFFFFFFFFFFFFFFFFFFFFFFFFF0
:10210000FFFFFFFFFFFFFFFFFFFFFFFFFFFFFFFFDF
:10211000FFFFFFFFFFFFFFFFFFFFFFFFFFFFFFFFCF
:10212000FFFFFFFFFFFFFFFFFFFFFFFFFFFFFFFFBF
:10213000FFFFFFFFFFFFFFFFFFFFFFFFFFFFFFFFAF
:10214000FFFFFFFFFFFFFFFFFFFFFFFFFFFFFFFF9F
:10215000FFFFFFFFFFFFFFFFFFFFFFFFFFFFFFFF8F
:10216000FFFFFFFFFFFFFFFFFFFFFFFFFFFFFFFF7F
:10217000FFFFFFFFFFFFFFFFFFFFFFFFFFFFFFFF6F
:10218000FFFFFFFFFFFFFFFFFFFFFFFFFFFFFFFF5F
:10219000FFFFFFFFFFFFFFFFFFFFFFFFFFFFFFFF4F
:1021A000FFFFFFFFFFFFFFFFFFFFFFFFFFFFFFFF3F
:1021B000FFFFFFFFFFFFFFFFFFFFFFFFFFFFFFFF2F
:1021C000FFFFFFFFFFFFFFFFFFFFFFFFFFFFFFFF1F
:1021D000FFFFFFFFFFFFFFFFFFFFFFFFFFFFFFFF0F
:1021E000FFFFFFFFFFFFFFFFFFFFFFFFFFFFFFFFFF
:1021F000FFFFFFFFFFFFFFFFFFFFFFFFFFFFFFFFEF
:10220000FFFFFFFFFFFFFFFFFFFFFFFFFFFFFFFFDE
:10221000FFFFFFFFFFFFFFFFFFFFFFFFFFFFFFFFCE
:10222000FFFFFFFFFFFFFFFFFFFFFFFFFFFFFFFFBE
:10223000FFFFFFFFFFFFFFFFFFFFFFFFFFFFFFFFAE
:10224000FFFFFFFFFFFFFFFFFFFFFFFFFFFFFFFF9E
:10225000FFFFFFFFFFFFFFFFFFFFFFFFFFFFFFFF8E
:10226000FFFFFFFFFFFFFFFFFFFFFFFFFFFFFFFF7E
:10227000FFFFFFFFFFFFFFFFFFFFFFFFFFFFFFFF6E
:10228000FFFFFFFFFFFFFFFFFFFFFFFFFFFFFFFF5E
:10229000FFFFFFFFFFFFFFFFFFFFFFFFFFFFFFFF4E
:1022A000FFFFFFFFFFFFFFFFFFFFFFFFFFFFFFFF3E
:1022B000FFFFFFFFFFFFFFFFFFFFFFFFFFFFFFFF2E
:1022C000FFFFFFFFFFFFFFFFFFFFFFFFFFFFFFFF1E
:1022D000FFFFFFFFFFFFFFFFFFFFFFFFFFFFFFFF0E
:1022E000FFFFFFFFFFFFFFFFFFFFFFFFFFFFFFFFFE
:1022F000FFFFFFFFFFFFFFFFFFFFFFFFFFFFFFFFEE
:10230000FFFFFFFFFFFFFFFFFFFFFFFFFFFFFFFFDD
:10231000FFFFFFFFFFFFFFFFFFFFFFFFFFFFFFFFCD
:10232000FFFFFFFFFFFFFFFFFFFFFFFFFFFFFFFFBD
:10233000FFFFFFFFFFFFFFFFFFFFFFFFFFFFFFFFAD
:10234000FFFFFFFFFFFFFFFFFFFFFFFFFFFFFFFF9D
:10235000FFFFFFFFFFFFFFFFFFFFFFFFFFFFFFFF8D
:10236000FFFFFFFFFFFFFFFFFFFFFFFFFFFFFFFF7D
:10237000FFFFFFFFFFFFFFFFFFFFFFFFFFFFFFFF6D
:10238000FFFFFFFFFFFFFFFFFFFFFFFFFFFFFFFF5D
:10239000FFFFFFFFFFFFFFFFFFFFFFFFFFFFFFFF4D
:1023A000FFFFFFFFFFFFFFFFFFFFFFFFFFFFFFFF3D
:1023B000FFFFFFFFFFFFFFFFFFFFFFFFFFFFFFFF2D
:1023C000FFFFFFFFFFFFFFFFFFFFFFFFFFFFFFFF1D
:1023D000FFFFFFFFFFFFFFFFFFFFFFFFFFFFFFFF0D
:1023E000FFFFFFFFFFFFFFFFFFFFFFFFFFFFFFFFFD
:1023F000FFFFFFFFFFFFFFFFFFFFFFFFFFFFFFFFED
:10240000FFFFFFFFFFFFFFFFFFFFFFFFFFFFFFFFDC
:10241000FFFFFFFFFFFFFFFFFFFFFFFFFFFFFFFFCC
:10242000FFFFFFFFFFFFFFFFFFFFFFFFFFFFFFFFBC
:10243000FFFFFFFFFFFFFFFFFFFFFFFFFFFFFFFFAC
:10244000FFFFFFFFFFFFFFFFFFFFFFFFFFFFFFFF9C
:10245000FFFFFFFFFFFFFFFFFFFFFFFFFFFFFFFF8C
:10246000FFFFFFFFFFFFFFFFFFFFFFFFFFFFFFFF7C
:10247000FFFFFFFFFFFFFFFFFFFFFFFFFFFFFFFF6C
:10248000FFFFFFFFFFFFFFFFFFFFFFFFFFFFFFFF5C
:10249000FFFFFFFFFFFFFFFFFFFFFFFFFFFFFFFF4C
:1024A000FFFFFFFFFFFFFFFFFFFFFFFFFFFFFFFF3C
:1024B000FFFFFFFFFFFFFFFFFFFFFFFFFFFFFFFF2C
:1024C000FFFFFFFFFFFFFFFFFFFFFFFFFFFFFFFF1C
:1024D000FFFFFFFFFFFFFFFFFFFFFFFFFFFFFFFF0C
:1024E000FFFFFFFFFFFFFFFFFFFFFFFFFFFFFFFFFC
:1024F000FFFFFFFFFFFFFFFFFFFFFFFFFFFFFFFFEC
:10250000FFFFFFFFFFFFFFFFFFFFFFFFFFFFFFFFDB
:10251000FFFFFFFFFFFFFFFFFFFFFFFFFFFFFFFFCB
:10252000FFFFFFFFFFFFFFFFFFFFFFFFFFFFFFFFBB
:10253000FFFFFFFFFFFFFFFFFFFFFFFFFFFFFFFFAB
:10254000FFFFFFFFFFFFFFFFFFFFFFFFFFFFFFFF9B
:10255000FFFFFFFFFFFFFFFFFFFFFFFFFFFFFFFF8B
:10256000FFFFFFFFFFFFFFFFFFFFFFFFFFFFFFFF7B
:10257000FFFFFFFFFFFFFFFFFFFFFFFFFFFFFFFF6B
:10258000FFFFFFFFFFFFFFFFFFFFFFFFFFFFFFFF5B
:10259000FFFFFFFFFFFFFFFFFFFFFFFFFFFFFFFF4B
:1025A000FFFFFFFFFFFFFFFFFFFFFFFFFFFFFFFF3B
:1025B000FFFFFFFFFFFFFFFFFFFFFFFFFFFFFFFF2B
:1025C000FFFFFFFFFFFFFFFFFFFFFFFFFFFFFFFF1B
:1025D000FFFFFFFFFFFFFFFFFFFFFFFFFFFFFFFF0B
:1025E000FFFFFFFFFFFFFFFFFFFFFFFFFFFFFFFFFB
:1025F000FFFFFFFFFFFFFFFFFFFFFFFFFFFFFFFFEB
:10260000FFFFFFFFFFFFFFFFFFFFFFFFFFFFFFFFDA
:10261000FFFFFFFFFFFFFFFFFFFFFFFFFFFFFFFFCA
:10262000FFFFFFFFFFFFFFFFFFFFFFFFFFFFFFFFBA
:10263000FFFFFFFFFFFFFFFFFFFFFFFFFFFFFFFFAA
:10264000FFFFFFFFFFFFFFFFFFFFFFFFFFFFFFFF9A
:10265000FFFFFFFFFFFFFFFFFFFFFFFFFFFFFFFF8A
:10266000FFFFFFFFFFFFFFFFFFFFFFFFFFFFFFFF7A
:10267000FFFFFFFFFFFFFFFFFFFFFFFFFFFFFFFF6A
:10268000FFFFFFFFFFFFFFFFFFFFFFFFFFFFFFFF5A
:10269000FFFFFFFFFFFFFFFFFFFFFFFFFFFFFFFF4A
:1026A000FFFFFFFFFFFFFFFFFFFFFFFFFFFFFFFF3A
:1026B000FFFFFFFFFFFFFFFFFFFFFFFFFFFFFFFF2A
:1026C000FFFFFFFFFFFFFFFFFFFFFFFFFFFFFFFF1A
:1026D000FFFFFFFFFFFFFFFFFFFFFFFFFFFFFFFF0A
:1026E000FFFFFFFFFFFFFFFFFFFFFFFFFFFFFFFFFA
:1026F000FFFFFFFFFFFFFFFFFFFFFFFFFFFFFFFFEA
:10270000FFFFFFFFFFFFFFFFFFFFFFFFFFFFFFFFD9
:10271000FFFFFFFFFFFFFFFFFFFFFFFFFFFFFFFFC9
:10272000FFFFFFFFFFFFFFFFFFFFFFFFFFFFFFFFB9
:10273000FFFFFFFFFFFFFFFFFFFFFFFFFFFFFFFFA9
:10274000FFFFFFFFFFFFFFFFFFFFFFFFFFFFFFFF99
:10275000FFFFFFFFFFFFFFFFFFFFFFFFFFFFFFFF89
:10276000FFFFFFFFFFFFFFFFFFFFFFFFFFFFFFFF79
:10277000FFFFFFFFFFFFFFFFFFFFFFFFFFFFFFFF69
:10278000FFFFFFFFFFFFFFFFFFFFFFFFFFFFFFFF59
:10279000FFFFFFFFFFFFFFFFFFFFFFFFFFFFFFFF49
:1027A000FFFFFFFFFFFFFFFFFFFFFFFFFFFFFFFF39
:1027B000FFFFFFFFFFFFFFFFFFFFFFFFFFFFFFFF29
:1027C000FFFFFFFFFFFFFFFFFFFFFFFFFFFFFFFF19
:1027D000FFFFFFFFFFFFFFFFFFFFFFFFFFFFFFFF09
:1027E000FFFFFFFFFFFFFFFFFFFFFFFFFFFFFFFFF9
:1027F000FFFFFFFFFFFFFFFFFFFFFFFFFFFFFFFFE9
:10280000FFFFFFFFFFFFFFFFFFFFFFFFFFFFFFFFD8
:10281000FFFFFFFFFFFFFFFFFFFFFFFFFFFFFFFFC8
:10282000FFFFFFFFFFFFFFFFFFFFFFFFFFFFFFFFB8
:10283000FFFFFFFFFFFFFFFFFFFFFFFFFFFFFFFFA8
:10284000FFFFFFFFFFFFFFFFFFFFFFFFFFFFFFFF98
:10285000FFFFFFFFFFFFFFFFFFFFFFFFFFFFFFFF88
:10286000FFFFFFFFFFFFFFFFFFFFFFFFFFFFFFFF78
:10287000FFFFFFFFFFFFFFFFFFFFFFFFFFFFFFFF68
:10288000FFFFFFFFFFFFFFFFFFFFFFFFFFFFFFFF58
:10289000FFFFFFFFFFFFFFFFFFFFFFFFFFFFFFFF48
:1028A000FFFFFFFFFFFFFFFFFFFFFFFFFFFFFFFF38
:1028B000FFFFFFFFFFFFFFFFFFFFFFFFFFFFFFFF28
:1028C000FFFFFFFFFFFFFFFFFFFFFFFFFFFFFFFF18
:1028D000FFFFFFFFFFFFFFFFFFFFFFFFFFFFFFFF08
:1028E000FFFFFFFFFFFFFFFFFFFFFFFFFFFFFFFFF8
:1028F000FFFFFFFFFFFFFFFFFFFFFFFFFFFFFFFFE8
:10290000FFFFFFFFFFFFFFFFFFFFFFFFFFFFFFFFD7
:10291000FFFFFFFFFFFFFFFFFFFFFFFFFFFFFFFFC7
:10292000FFFFFFFFFFFFFFFFFFFFFFFFFFFFFFFFB7
:10293000FFFFFFFFFFFFFFFFFFFFFFFFFFFFFFFFA7
:10294000FFFFFFFFFFFFFFFFFFFFFFFFFFFFFFFF97
:10295000FFFFFFFFFFFFFFFFFFFFFFFFFFFFFFFF87
:10296000FFFFFFFFFFFFFFFFFFFFFFFFFFFFFFFF77
:10297000FFFFFFFFFFFFFFFFFFFFFFFFFFFFFFFF67
:10298000FFFFFFFFFFFFFFFFFFFFFFFFFFFFFFFF57
:10299000FFFFFFFFFFFFFFFFFFFFFFFFFFFFFFFF47
:1029A000FFFFFFFFFFFFFFFFFFFFFFFFFFFFFFFF37
:1029B000FFFFFFFFFFFFFFFFFFFFFFFFFFFFFFFF27
:1029C000FFFFFFFFFFFFFFFFFFFFFFFFFFFFFFFF17
:1029D000FFFFFFFFFFFFFFFFFFFFFFFFFFFFFFFF07
:1029E000FFFFFFFFFFFFFFFFFFFFFFFFFFFFFFFFF7
:1029F000FFFFFFFFFFFFFFFFFFFFFFFFFFFFFFFFE7
:102A0000FFFFFFFFFFFFFFFFFFFFFFFFFFFFFFFFD6
:102A1000FFFFFFFFFFFFFFFFFFFFFFFFFFFFFFFFC6
:102A2000FFFFFFFFFFFFFFFFFFFFFFFFFFFFFFFFB6
:102A3000FFFFFFFFFFFFFFFFFFFFFFFFFFFFFFFFA6
:102A4000FFFFFFFFFFFFFFFFFFFFFFFFFFFFFFFF96
:102A5000FFFFFFFFFFFFFFFFFFFFFFFFFFFFFFFF86
:102A6000FFFFFFFFFFFFFFFFFFFFFFFFFFFFFFFF76
:102A7000FFFFFFFFFFFFFFFFFFFFFFFFFFFFFFFF66
:102A8000FFFFFFFFFFFFFFFFFFFFFFFFFFFFFFFF56
:102A9000FFFFFFFFFFFFFFFFFFFFFFFFFFFFFFFF46
:102AA000FFFFFFFFFFFFFFFFFFFFFFFFFFFFFFFF36
:102AB000FFFFFFFFFFFFFFFFFFFFFFFFFFFFFFFF26
:102AC000FFFFFFFFFFFFFFFFFFFFFFFFFFFFFFFF16
:102AD000FFFFFFFFFFFFFFFFFFFFFFFFFFFFFFFF06
:102AE000FFFFFFFFFFFFFFFFFFFFFFFFFFFFFFFFF6
:102AF000FFFFFFFFFFFFFFFFFFFFFFFFFFFFFFFFE6
:102B0000FFFFFFFFFFFFFFFFFFFFFFFFFFFFFFFFD5
:102B1000FFFFFFFFFFFFFFFFFFFFFFFFFFFFFFFFC5
:102B2000FFFFFFFFFFFFFFFFFFFFFFFFFFFFFFFFB5
:102B3000FFFFFFFFFFFFFFFFFFFFFFFFFFFFFFFFA5
:102B4000FFFFFFFFFFFFFFFFFFFFFFFFFFFFFFFF95
:102B5000FFFFFFFFFFFFFFFFFFFFFFFFFFFFFFFF85
:102B6000FFFFFFFFFFFFFFFFFFFFFFFFFFFFFFFF75
:102B7000FFFFFFFFFFFFFFFFFFFFFFFFFFFFFFFF65
:102B8000FFFFFFFFFFFFFFFFFFFFFFFFFFFFFFFF55
:102B9000FFFFFFFFFFFFFFFFFFFFFFFFFFFFFFFF45
:102BA000FFFFFFFFFFFFFFFFFFFFFFFFFFFFFFFF35
:102BB000FFFFFFFFFFFFFFFFFFFFFFFFFFFFFFFF25
:102BC000FFFFFFFFFFFFFFFFFFFFFFFFFFFFFFFF15
:102BD000FFFFFFFFFFFFFFFFFFFFFFFFFFFFFFFF05
:102BE000FFFFFFFFFFFFFFFFFFFFFFFFFFFFFFFFF5
:102BF000FFFFFFFFFFFFFFFFFFFFFFFFFFFFFFFFE5
:102C0000FFFFFFFFFFFFFFFFFFFFFFFFFFFFFFFFD4
:102C1000FFFFFFFFFFFFFFFFFFFFFFFFFFFFFFFFC4
:102C2000FFFFFFFFFFFFFFFFFFFFFFFFFFFFFFFFB4
:102C3000FFFFFFFFFFFFFFFFFFFFFFFFFFFFFFFFA4
:102C4000FFFFFFFFFFFFFFFFFFFFFFFFFFFFFFFF94
:102C5000FFFFFFFFFFFFFFFFFFFFFFFFFFFFFFFF84
:102C6000FFFFFFFFFFFFFFFFFFFFFFFFFFFFFFFF74
:102C7000FFFFFFFFFFFFFFFFFFFFFFFFFFFFFFFF64
:102C8000FFFFFFFFFFFFFFFFFFFFFFFFFFFFFFFF54
:102C9000FFFFFFFFFFFFFFFFFFFFFFFFFFFFFFFF44
:102CA000FFFFFFFFFFFFFFFFFFFFFFFFFFFFFFFF34
:102CB000FFFFFFFFFFFFFFFFFFFFFFFFFFFFFFFF24
:102CC000FFFFFFFFFFFFFFFFFFFFFFFFFFFFFFFF14
:102CD000FFFFFFFFFFFFFFFFFFFFFFFFFFFFFFFF04
:102CE000FFFFFFFFFFFFFFFFFFFFFFFFFFFFFFFFF4
:102CF000FFFFFFFFFFFFFFFFFFFFFFFFFFFFFFFFE4
:102D0000FFFFFFFFFFFFFFFFFFFFFFFFFFFFFFFFD3
:102D1000FFFFFFFFFFFFFFFFFFFFFFFFFFFFFFFFC3
:102D2000FFFFFFFFFFFFFFFFFFFFFFFFFFFFFFFFB3
:102D3000FFFFFFFFFFFFFFFFFFFFFFFFFFFFFFFFA3
:102D4000FFFFFFFFFFFFFFFFFFFFFFFFFFFFFFFF93
:102D5000FFFFFFFFFFFFFFFFFFFFFFFFFFFFFFFF83
:102D6000FFFFFFFFFFFFFFFFFFFFFFFFFFFFFFFF73
:102D7000FFFFFFFFFFFFFFFFFFFFFFFFFFFFFFFF63
:102D8000FFFFFFFFFFFFFFFFFFFFFFFFFFFFFFFF53
:102D9000FFFFFFFFFFFFFFFFFFFFFFFFFFFFFFFF43
:102DA000FFFFFFFFFFFFFFFFFFFFFFFFFFFFFFFF33
:102DB000FFFFFFFFFFFFFFFFFFFFFFFFFFFFFFFF23
:102DC000FFFFFFFFFFFFFFFFFFFFFFFFFFFFFFFF13
:102DD000FFFFFFFFFFFFFFFFFFFFFFFFFFFFFFFF03
:102DE000FFFFFFFFFFFFFFFFFFFFFFFFFFFFFFFFF3
:102DF000FFFFFFFFFFFFFFFFFFFFFFFFFFFFFFFFE3
:102E0000FFFFFFFFFFFFFFFFFFFFFFFFFFFFFFFFD2
:102E1000FFFFFFFFFFFFFFFFFFFFFFFFFFFFFFFFC2
:102E2000FFFFFFFFFFFFFFFFFFFFFFFFFFFFFFFFB2
:102E3000FFFFFFFFFFFFFFFFFFFFFFFFFFFFFFFFA2
:102E4000FFFFFFFFFFFFFFFFFFFFFFFFFFFFFFFF92
:102E5000FFFFFFFFFFFFFFFFFFFFFFFFFFFFFFFF82
:102E6000FFFFFFFFFFFFFFFFFFFFFFFFFFFFFFFF72
:102E7000FFFFFFFFFFFFFFFFFFFFFFFFFFFFFFFF62
:102E8000FFFFFFFFFFFFFFFFFFFFFFFFFFFFFFFF52
:102E9000FFFFFFFFFFFFFFFFFFFFFFFFFFFFFFFF42
:102EA000FFFFFFFFFFFFFFFFFFFFFFFFFFFFFFFF32
:102EB000FFFFFFFFFFFFFFFFFFFFFFFFFFFFFFFF22
:102EC000FFFFFFFFFFFFFFFFFFFFFFFFFFFFFFFF12
:102ED000FFFFFFFFFFFFFFFFFFFFFFFFFFFFFFFF02
:102EE000FFFFFFFFFFFFFFFFFFFFFFFFFFFFFFFFF2
:102EF000FFFFFFFFFFFFFFFFFFFFFFFFFFFFFFFFE2
:102F0000FFFFFFFFFFFFFFFFFFFFFFFFFFFFFFFFD1
:102F1000FFFFFFFFFFFFFFFFFFFFFFFFFFFFFFFFC1
:102F2000FFFFFFFFFFFFFFFFFFFFFFFFFFFFFFFFB1
:102F3000FFFFFFFFFFFFFFFFFFFFFFFFFFFFFFFFA1
:102F4000FFFFFFFFFFFFFFFFFFFFFFFFFFFFFFFF91
:102F5000FFFFFFFFFFFFFFFFFFFFFFFFFFFFFFFF81
:102F6000FFFFFFFFFFFFFFFFFFFFFFFFFFFFFFFF71
:102F7000FFFFFFFFFFFFFFFFFFFFFFFFFFFFFFFF61
:102F8000FFFFFFFFFFFFFFFFFFFFFFFFFFFFFFFF51
:102F9000FFFFFFFFFFFFFFFFFFFFFFFFFFFFFFFF41
:102FA000FFFFFFFFFFFFFFFFFFFFFFFFFFFFFFFF31
:102FB000FFFFFFFFFFFFFFFFFFFFFFFFFFFFFFFF21
:102FC000FFFFFFFFFFFFFFFFFFFFFFFFFFFFFFFF11
:102FD000FFFFFFFFFFFFFFFFFFFFFFFFFFFFFFFF01
:102FE000FFFFFFFFFFFFFFFFFFFFFFFFFFFFFFFFF1
:102FF000FFFFFFFFFFFFFFFFFFFFFFFFFFFFFFFFE1
:10300000FFFFFFFFFFFFFFFFFFFFFFFFFFFFFFFFD0
:10301000FFFFFFFFFFFFFFFFFFFFFFFFFFFFFFFFC0
:10302000FFFFFFFFFFFFFFFFFFFFFFFFFFFFFFFFB0
:10303000FFFFFFFFFFFFFFFFFFFFFFFFFFFFFFFFA0
:10304000FFFFFFFFFFFFFFFFFFFFFFFFFFFFFFFF90
:10305000FFFFFFFFFFFFFFFFFFFFFFFFFFFFFFFF80
:10306000FFFFFFFFFFFFFFFFFFFFFFFFFFFFFFFF70
:10307000FFFFFFFFFFFFFFFFFFFFFFFFFFFFFFFF60
:10308000FFFFFFFFFFFFFFFFFFFFFFFFFFFFFFFF50
:10309000FFFFFFFFFFFFFFFFFFFFFFFFFFFFFFFF40
:1030A000FFFFFFFFFFFFFFFFFFFFFFFFFFFFFFFF30
:1030B000FFFFFFFFFFFFFFFFFFFFFFFFFFFFFFFF20
:1030C000FFFFFFFFFFFFFFFFFFFFFFFFFFFFFFFF10
:1030D000FFFFFFFFFFFFFFFFFFFFFFFFFFFFFFFF00
:1030E000FFFFFFFFFFFFFFFFFFFFFFFFFFFFFFFFF0
:1030F000FFFFFFFFFFFFFFFFFFFFFFFFFFFFFFFFE0
:10310000FFFFFFFFFFFFFFFFFFFFFFFFFFFFFFFFCF
:10311000FFFFFFFFFFFFFFFFFFFFFFFFFFFFFFFFBF
:10312000FFFFFFFFFFFFFFFFFFFFFFFFFFFFFFFFAF
:10313000FFFFFFFFFFFFFFFFFFFFFFFFFFFFFFFF9F
:10314000FFFFFFFFFFFFFFFFFFFFFFFFFFFFFFFF8F
:10315000FFFFFFFFFFFFFFFFFFFFFFFFFFFFFFFF7F
:10316000FFFFFFFFFFFFFFFFFFFFFFFFFFFFFFFF6F
:10317000FFFFFFFFFFFFFFFFFFFFFFFFFFFFFFFF5F
:10318000FFFFFFFFFFFFFFFFFFFFFFFFFFFFFFFF4F
:10319000FFFFFFFFFFFFFFFFFFFFFFFFFFFFFFFF3F
:1031A000FFFFFFFFFFFFFFFFFFFFFFFFFFFFFFFF2F
:1031B000FFFFFFFFFFFFFFFFFFFFFFFFFFFFFFFF1F
:1031C000FFFFFFFFFFFFFFFFFFFFFFFFFFFFFFFF0F
:1031D000FFFFFFFFFFFFFFFFFFFFFFFFFFFFFFFFFF
:1031E000FFFFFFFFFFFFFFFFFFFFFFFFFFFFFFFFEF
:1031F000FFFFFFFFFFFFFFFFFFFFFFFFFFFFFFFFDF
:10320000FFFFFFFFFFFFFFFFFFFFFFFFFFFFFFFFCE
:10321000FFFFFFFFFFFFFFFFFFFFFFFFFFFFFFFFBE
:10322000FFFFFFFFFFFFFFFFFFFFFFFFFFFFFFFFAE
:10323000FFFFFFFFFFFFFFFFFFFFFFFFFFFFFFFF9E
:10324000FFFFFFFFFFFFFFFFFFFFFFFFFFFFFFFF8E
:10325000FFFFFFFFFFFFFFFFFFFFFFFFFFFFFFFF7E
:10326000FFFFFFFFFFFFFFFFFFFFFFFFFFFFFFFF6E
:10327000FFFFFFFFFFFFFFFFFFFFFFFFFFFFFFFF5E
:10328000FFFFFFFFFFFFFFFFFFFFFFFFFFFFFFFF4E
:10329000FFFFFFFFFFFFFFFFFFFFFFFFFFFFFFFF3E
:1032A000FFFFFFFFFFFFFFFFFFFFFFFFFFFFFFFF2E
:1032B000FFFFFFFFFFFFFFFFFFFFFFFFFFFFFFFF1E
:1032C000FFFFFFFFFFFFFFFFFFFFFFFFFFFFFFFF0E
:1032D000FFFFFFFFFFFFFFFFFFFFFFFFFFFFFFFFFE
:1032E000FFFFFFFFFFFFFFFFFFFFFFFFFFFFFFFFEE
:1032F000FFFFFFFFFFFFFFFFFFFFFFFFFFFFFFFFDE
:10330000FFFFFFFFFFFFFFFFFFFFFFFFFFFFFFFFCD
:10331000FFFFFFFFFFFFFFFFFFFFFFFFFFFFFFFFBD
:10332000FFFFFFFFFFFFFFFFFFFFFFFFFFFFFFFFAD
:10333000FFFFFFFFFFFFFFFFFFFFFFFFFFFFFFFF9D
:10334000FFFFFFFFFFFFFFFFFFFFFFFFFFFFFFFF8D
:10335000FFFFFFFFFFFFFFFFFFFFFFFFFFFFFFFF7D
:10336000FFFFFFFFFFFFFFFFFFFFFFFFFFFFFFFF6D
:10337000FFFFFFFFFFFFFFFFFFFFFFFFFFFFFFFF5D
:10338000FFFFFFFFFFFFFFFFFFFFFFFFFFFFFFFF4D
:10339000FFFFFFFFFFFFFFFFFFFFFFFFFFFFFFFF3D
:1033A000FFFFFFFFFFFFFFFFFFFFFFFFFFFFFFFF2D
:1033B000FFFFFFFFFFFFFFFFFFFFFFFFFFFFFFFF1D
:1033C000FFFFFFFFFFFFFFFFFFFFFFFFFFFFFFFF0D
:1033D000FFFFFFFFFFFFFFFFFFFFFFFFFFFFFFFFFD
:1033E000FFFFFFFFFFFFFFFFFFFFFFFFFFFFFFFFED
:1033F000FFFFFFFFFFFFFFFFFFFFFFFFFFFFFFFFDD
:10340000FFFFFFFFFFFFFFFFFFFFFFFFFFFFFFFFCC
:10341000FFFFFFFFFFFFFFFFFFFFFFFFFFFFFFFFBC
:10342000FFFFFFFFFFFFFFFFFFFFFFFFFFFFFFFFAC
:10343000FFFFFFFFFFFFFFFFFFFFFFFFFFFFFFFF9C
:10344000FFFFFFFFFFFFFFFFFFFFFFFFFFFFFFFF8C
:10345000FFFFFFFFFFFFFFFFFFFFFFFFFFFFFFFF7C
:10346000FFFFFFFFFFFFFFFFFFFFFFFFFFFFFFFF6C
:10347000FFFFFFFFFFFFFFFFFFFFFFFFFFFFFFFF5C
:10348000FFFFFFFFFFFFFFFFFFFFFFFFFFFFFFFF4C
:10349000FFFFFFFFFFFFFFFFFFFFFFFFFFFFFFFF3C
:1034A000FFFFFFFFFFFFFFFFFFFFFFFFFFFFFFFF2C
:1034B000FFFFFFFFFFFFFFFFFFFFFFFFFFFFFFFF1C
:1034C000FFFFFFFFFFFFFFFFFFFFFFFFFFFFFFFF0C
:1034D000FFFFFFFFFFFFFFFFFFFFFFFFFFFFFFFFFC
:1034E000FFFFFFFFFFFFFFFFFFFFFFFFFFFFFFFFEC
:1034F000FFFFFFFFFFFFFFFFFFFFFFFFFFFFFFFFDC
:10350000FFFFFFFFFFFFFFFFFFFFFFFFFFFFFFFFCB
:10351000FFFFFFFFFFFFFFFFFFFFFFFFFFFFFFFFBB
:10352000FFFFFFFFFFFFFFFFFFFFFFFFFFFFFFFFAB
:10353000FFFFFFFFFFFFFFFFFFFFFFFFFFFFFFFF9B
:10354000FFFFFFFFFFFFFFFFFFFFFFFFFFFFFFFF8B
:10355000FFFFFFFFFFFFFFFFFFFFFFFFFFFFFFFF7B
:10356000FFFFFFFFFFFFFFFFFFFFFFFFFFFFFFFF6B
:10357000FFFFFFFFFFFFFFFFFFFFFFFFFFFFFFFF5B
:10358000FFFFFFFFFFFFFFFFFFFFFFFFFFFFFFFF4B
:10359000FFFFFFFFFFFFFFFFFFFFFFFFFFFFFFFF3B
:1035A000FFFFFFFFFFFFFFFFFFFFFFFFFFFFFFFF2B
:1035B000FFFFFFFFFFFFFFFFFFFFFFFFFFFFFFFF1B
:1035C000FFFFFFFFFFFFFFFFFFFFFFFFFFFFFFFF0B
:1035D000FFFFFFFFFFFFFFFFFFFFFFFFFFFFFFFFFB
:1035E000FFFFFFFFFFFFFFFFFFFFFFFFFFFFFFFFEB
:1035F000FFFFFFFFFFFFFFFFFFFFFFFFFFFFFFFFDB
:10360000FFFFFFFFFFFFFFFFFFFFFFFFFFFFFFFFCA
:10361000FFFFFFFFFFFFFFFFFFFFFFFFFFFFFFFFBA
:10362000FFFFFFFFFFFFFFFFFFFFFFFFFFFFFFFFAA
:10363000FFFFFFFFFFFFFFFFFFFFFFFFFFFFFFFF9A
:10364000FFFFFFFFFFFFFFFFFFFFFFFFFFFFFFFF8A
:10365000FFFFFFFFFFFFFFFFFFFFFFFFFFFFFFFF7A
:10366000FFFFFFFFFFFFFFFFFFFFFFFFFFFFFFFF6A
:10367000FFFFFFFFFFFFFFFFFFFFFFFFFFFFFFFF5A
:10368000FFFFFFFFFFFFFFFFFFFFFFFFFFFFFFFF4A
:10369000FFFFFFFFFFFFFFFFFFFFFFFFFFFFFFFF3A
:1036A000FFFFFFFFFFFFFFFFFFFFFFFFFFFFFFFF2A
:1036B000FFFFFFFFFFFFFFFFFFFFFFFFFFFFFFFF1A
:1036C000FFFFFFFFFFFFFFFFFFFFFFFFFFFFFFFF0A
:1036D000FFFFFFFFFFFFFFFFFFFFFFFFFFFFFFFFFA
:1036E000FFFFFFFFFFFFFFFFFFFFFFFFFFFFFFFFEA
:1036F000FFFFFFFFFFFFFFFFFFFFFFFFFFFFFFFFDA
:10370000FFFFFFFFFFFFFFFFFFFFFFFFFFFFFFFFC9
:10371000FFFFFFFFFFFFFFFFFFFFFFFFFFFFFFFFB9
:10372000FFFFFFFFFFFFFFFFFFFFFFFFFFFFFFFFA9
:10373000FFFFFFFFFFFFFFFFFFFFFFFFFFFFFFFF99
:10374000FFFFFFFFFFFFFFFFFFFFFFFFFFFFFFFF89
:10375000FFFFFFFFFFFFFFFFFFFFFFFFFFFFFFFF79
:10376000FFFFFFFFFFFFFFFFFFFFFFFFFFFFFFFF69
:10377000FFFFFFFFFFFFFFFFFFFFFFFFFFFFFFFF59
:10378000FFFFFFFFFFFFFFFFFFFFFFFFFFFFFFFF49
:10379000FFFFFFFFFFFFFFFFFFFFFFFFFFFFFFFF39
:1037A000FFFFFFFFFFFFFFFFFFFFFFFFFFFFFFFF29
:1037B000FFFFFFFFFFFFFFFFFFFFFFFFFFFFFFFF19
:1037C000FFFFFFFFFFFFFFFFFFFFFFFFFFFFFFFF09
:1037D000FFFFFFFFFFFFFFFFFFFFFFFFFFFFFFFFF9
:1037E000FFFFFFFFFFFFFFFFFFFFFFFFFFFFFFFFE9
:1037F000FFFFFFFFFFFFFFFFFFFFFFFFFFFFFFFFD9
:10380000FFFFFFFFFFFFFFFFFFFFFFFFFFFFFFFFC8
:10381000FFFFFFFFFFFFFFFFFFFFFFFFFFFFFFFFB8
:10382000FFFFFFFFFFFFFFFFFFFFFFFFFFFFFFFFA8
:10383000FFFFFFFFFFFFFFFFFFFFFFFFFFFFFFFF98
:10384000FFFFFFFFFFFFFFFFFFFFFFFFFFFFFFFF88
:10385000FFFFFFFFFFFFFFFFFFFFFFFFFFFFFFFF78
:10386000FFFFFFFFFFFFFFFFFFFFFFFFFFFFFFFF68
:10387000FFFFFFFFFFFFFFFFFFFFFFFFFFFFFFFF58
:10388000FFFFFFFFFFFFFFFFFFFFFFFFFFFFFFFF48
:10389000FFFFFFFFFFFFFFFFFFFFFFFFFFFFFFFF38
:1038A000FFFFFFFFFFFFFFFFFFFFFFFFFFFFFFFF28
:1038B000FFFFFFFFFFFFFFFFFFFFFFFFFFFFFFFF18
:1038C000FFFFFFFFFFFFFFFFFFFFFFFFFFFFFFFF08
:1038D000FFFFFFFFFFFFFFFFFFFFFFFFFFFFFFFFF8
:1038E000FFFFFFFFFFFFFFFFFFFFFFFFFFFFFFFFE8
:1038F000FFFFFFFFFFFFFFFFFFFFFFFFFFFFFFFFD8
:10390000FFFFFFFFFFFFFFFFFFFFFFFFFFFFFFFFC7
:10391000FFFFFFFFFFFFFFFFFFFFFFFFFFFFFFFFB7
:10392000FFFFFFFFFFFFFFFFFFFFFFFFFFFFFFFFA7
:10393000FFFFFFFFFFFFFFFFFFFFFFFFFFFFFFFF97
:10394000FFFFFFFFFFFFFFFFFFFFFFFFFFFFFFFF87
:10395000FFFFFFFFFFFFFFFFFFFFFFFFFFFFFFFF77
:10396000FFFFFFFFFFFFFFFFFFFFFFFFFFFFFFFF67
:10397000FFFFFFFFFFFFFFFFFFFFFFFFFFFFFFFF57
:10398000FFFFFFFFFFFFFFFFFFFFFFFFFFFFFFFF47
:10399000FFFFFFFFFFFFFFFFFFFFFFFFFFFFFFFF37
:1039A000FFFFFFFFFFFFFFFFFFFFFFFFFFFFFFFF27
:1039B000FFFFFFFFFFFFFFFFFFFFFFFFFFFFFFFF17
:1039C000FFFFFFFFFFFFFFFFFFFFFFFFFFFFFFFF07
:1039D000FFFFFFFFFFFFFFFFFFFFFFFFFFFFFFFFF7
:1039E000FFFFFFFFFFFFFFFFFFFFFFFFFFFFFFFFE7
:1039F000FFFFFFFFFFFFFFFFFFFFFFFFFFFFFFFFD7
:103A0000FFFFFFFFFFFFFFFFFFFFFFFFFFFFFFFFC6
:103A1000FFFFFFFFFFFFFFFFFFFFFFFFFFFFFFFFB6
:103A2000FFFFFFFFFFFFFFFFFFFFFFFFFFFFFFFFA6
:103A3000FFFFFFFFFFFFFFFFFFFFFFFFFFFFFFFF96
:103A4000FFFFFFFFFFFFFFFFFFFFFFFFFFFFFFFF86
:103A5000FFFFFFFFFFFFFFFFFFFFFFFFFFFFFFFF76
:103A6000FFFFFFFFFFFFFFFFFFFFFFFFFFFFFFFF66
:103A7000FFFFFFFFFFFFFFFFFFFFFFFFFFFFFFFF56
:103A8000FFFFFFFFFFFFFFFFFFFFFFFFFFFFFFFF46
:103A9000FFFFFFFFFFFFFFFFFFFFFFFFFFFFFFFF36
:103AA000FFFFFFFFFFFFFFFFFFFFFFFFFFFFFFFF26
:103AB000FFFFFFFFFFFFFFFFFFFFFFFFFFFFFFFF16
:103AC000FFFFFFFFFFFFFFFFFFFFFFFFFFFFFFFF06
:103AD000FFFFFFFFFFFFFFFFFFFFFFFFFFFFFFFFF6
:103AE000FFFFFFFFFFFFFFFFFFFFFFFFFFFFFFFFE6
:103AF000FFFFFFFFFFFFFFFFFFFFFFFFFFFFFFFFD6
:103B0000FFFFFFFFFFFFFFFFFFFFFFFFFFFFFFFFC5
:103B1000FFFFFFFFFFFFFFFFFFFFFFFFFFFFFFFFB5
:103B2000FFFFFFFFFFFFFFFFFFFFFFFFFFFFFFFFA5
:103B3000FFFFFFFFFFFFFFFFFFFFFFFFFFFFFFFF95
:103B4000FFFFFFFFFFFFFFFFFFFFFFFFFFFFFFFF85
:103B5000FFFFFFFFFFFFFFFFFFFFFFFFFFFFFFFF75
:103B6000FFFFFFFFFFFFFFFFFFFFFFFFFFFFFFFF65
:103B7000FFFFFFFFFFFFFFFFFFFFFFFFFFFFFFFF55
:103B8000FFFFFFFFFFFFFFFFFFFFFFFFFFFFFFFF45
:103B9000FFFFFFFFFFFFFFFFFFFFFFFFFFFFFFFF35
:103BA000FFFFFFFFFFFFFFFFFFFFFFFFFFFFFFFF25
:103BB000FFFFFFFFFFFFFFFFFFFFFFFFFFFFFFFF15
:103BC000FFFFFFFFFFFFFFFFFFFFFFFFFFFFFFFF05
:103BD000FFFFFFFFFFFFFFFFFFFFFFFFFFFFFFFFF5
:103BE000FFFFFFFFFFFFFFFFFFFFFFFFFFFFFFFFE5
:103BF000FFFFFFFFFFFFFFFFFFFFFFFFFFFFFFFFD5
:103C0000FFFFFFFFFFFFFFFFFFFFFFFFFFFFFFFFC4
:103C1000FFFFFFFFFFFFFFFFFFFFFFFFFFFFFFFFB4
:103C2000FFFFFFFFFFFFFFFFFFFFFFFFFFFFFFFFA4
:103C3000FFFFFFFFFFFFFFFFFFFFFFFFFFFFFFFF94
:103C4000FFFFFFFFFFFFFFFFFFFFFFFFFFFFFFFF84
:103C5000FFFFFFFFFFFFFFFFFFFFFFFFFFFFFFFF74
:103C6000FFFFFFFFFFFFFFFFFFFFFFFFFFFFFFFF64
:103C7000FFFFFFFFFFFFFFFFFFFFFFFFFFFFFFFF54
:103C8000FFFFFFFFFFFFFFFFFFFFFFFFFFFFFFFF44
:103C9000FFFFFFFFFFFFFFFFFFFFFFFFFFFFFFFF34
:103CA000FFFFFFFFFFFFFFFFFFFFFFFFFFFFFFFF24
:103CB000FFFFFFFFFFFFFFFFFFFFFFFFFFFFFFFF14
:103CC000FFFFFFFFFFFFFFFFFFFFFFFFFFFFFFFF04
:103CD000FFFFFFFFFFFFFFFFFFFFFFFFFFFFFFFFF4
:103CE000FFFFFFFFFFFFFFFFFFFFFFFFFFFFFFFFE4
:103CF000FFFFFFFFFFFFFFFFFFFFFFFFFFFFFFFFD4
:103D0000FFFFFFFFFFFFFFFFFFFFFFFFFFFFFFFFC3
:103D1000FFFFFFFFFFFFFFFFFFFFFFFFFFFFFFFFB3
:103D2000FFFFFFFFFFFFFFFFFFFFFFFFFFFFFFFFA3
:103D3000FFFFFFFFFFFFFFFFFFFFFFFFFFFFFFFF93
:103D4000FFFFFFFFFFFFFFFFFFFFFFFFFFFFFFFF83
:103D5000FFFFFFFFFFFFFFFFFFFFFFFFFFFFFFFF73
:103D6000FFFFFFFFFFFFFFFFFFFFFFFFFFFFFFFF63
:103D7000FFFFFFFFFFFFFFFFFFFFFFFFFFFFFFFF53
:103D8000FFFFFFFFFFFFFFFFFFFFFFFFFFFFFFFF43
:103D9000FFFFFFFFFFFFFFFFFFFFFFFFFFFFFFFF33
:103DA000FFFFFFFFFFFFFFFFFFFFFFFFFFFFFFFF23
:103DB000FFFFFFFFFFFFFFFFFFFFFFFFFFFFFFFF13
:103DC000FFFFFFFFFFFFFFFFFFFFFFFFFFFFFFFF03
:103DD000FFFFFFFFFFFFFFFFFFFFFFFFFFFFFFFFF3
:103DE000FFFFFFFFFFFFFFFFFFFFFFFFFFFFFFFFE3
:103DF000FFFFFFFFFFFFFFFFFFFFFFFFFFFFFFFFD3
:103E0000FFFFFFFFFFFFFFFFFFFFFFFFFFFFFFFFC2
:103E1000FFFFFFFFFFFFFFFFFFFFFFFFFFFFFFFFB2
:103E2000FFFFFFFFFFFFFFFFFFFFFFFFFFFFFFFFA2
:103E3000FFFFFFFFFFFFFFFFFFFFFFFFFFFFFFFF92
:103E4000FFFFFFFFFFFFFFFFFFFFFFFFFFFFFFFF82
:103E5000FFFFFFFFFFFFFFFFFFFFFFFFFFFFFFFF72
:103E6000FFFFFFFFFFFFFFFFFFFFFFFFFFFFFFFF62
:103E7000FFFFFFFFFFFFFFFFFFFFFFFFFFFFFFFF52
:103E8000FFFFFFFFFFFFFFFFFFFFFFFFFFFFFFFF42
:103E9000FFFFFFFFFFFFFFFFFFFFFFFFFFFFFFFF32
:103EA000FFFFFFFFFFFFFFFFFFFFFFFFFFFFFFFF22
:103EB000FFFFFFFFFFFFFFFFFFFFFFFFFFFFFFFF12
:103EC000FFFFFFFFFFFFFFFFFFFFFFFFFFFFFFFF02
:103ED000FFFFFFFFFFFFFFFFFFFFFFFFFFFFFFFFF2
:103EE000FFFFFFFFFFFFFFFFFFFFFFFFFFFFFFFFE2
:103EF000FFFFFFFFFFFFFFFFFFFFFFFFFFFFFFFFD2
:103F0000FFFFFFFFFFFFFFFFFFFFFFFFFFFFFFFFC1
:103F1000FFFFFFFFFFFFFFFFFFFFFFFFFFFFFFFFB1
:103F2000FFFFFFFFFFFFFFFFFFFFFFFFFFFFFFFFA1
:103F3000FFFFFFFFFFFFFFFFFFFFFFFFFFFFFFFF91
:103F4000FFFFFFFFFFFFFFFFFFFFFFFFFFFFFFFF81
:103F5000FFFFFFFFFFFFFFFFFFFFFFFFFFFFFFFF71
:103F6000FFFFFFFFFFFFFFFFFFFFFFFFFFFFFFFF61
:103F7000FFFFFFFFFFFFFFFFFFFFFFFFFFFFFFFF51
:103F8000FFFFFFFFFFFFFFFFFFFFFFFFFFFFFFFF41
:103F9000FFFFFFFFFFFFFFFFFFFFFFFFFFFFFFFF31
:103FA000FFFFFFFFFFFFFFFFFFFFFFFFFFFFFFFF21
:103FB000FFFFFFFFFFFFFFFFFFFFFFFFFFFFFFFF11
:103FC000FFFFFFFFFFFFFFFFFFFFFFFFFFFFFFFF01
:103FD000FFFFFFFFFFFFFFFFFFFFFFFFFFFFFFFFF1
:103FE000FFFFFFFFFFFFFFFFFFFFFFFFFFFFFFFFE1
:103FF000FFFFFFFFFFFFFFFFFFFFFFFFFFFFFFFFD1
:10400000F8100020ADB1000091AD000025B2000015
:1040100029B200002DB2000031B200000000000003
:1040200000000000000000000000000025AF0000BC
:1040300035B2000000000000F1AD0000F172000098
:1040400039B200003DB2000041B2000045B20000AC
:1040500049B200004DB20000B1AD0000BDAD00009E
:1040600051B2000055B2000059B200005DB200002C
:1040700061B2000065B2000069B200006DB20000DC
:1040800071B2000075B2000079B200007DB200008C
:1040900081B2000085B2000089B200008DB200003C
:1040A00091B2000095B2000099B20000C9AD0000C5
:1040B0009DB20000A1B20000A5B20000A9B20000AC
:1040C000ADB20000B1B20000B5B20000B9B200005C
:1040D000BDB20000C1B20000C5B20000C9B200000C
:1040E000D1AD0000DDAD0000CDB20000D1B20000C6
:1040F000D5B20000D9B20000DDB20000E1B200008C
:10410000E5B20000E9B20000EDB20000F1B200003B
:10411000F5B20000F9B20000FDB2000001B30000EA
:1041200005B3000009B300000DB3000011B3000097
:1041300015B3000019B300001DB3000021B3000047
:1041400025B3000029B300002DB3000031B30000F7
:1041500035B3000039B300003DB3000041B30000A7
:1041600045B3000049B300004DB3000051B3000057
:1041700055B3000059B300005DB3000061B3000007
:1041800065B3000069B300006DB3000071B30000B7
:1041900075B3000079B300007DB3000081B3000067
:1041A00085B3000089B300008DB30000DFF8140E62
:1041B000006840084000DFF80C1E0860DFF8080EB9
:1041C000006850F00100DFF8001E0860DFF8FC0D09
:1041D000006840084000DFF8F41D0860DFF8F00DCB
:1041E000006840084000DFF8E81D0860DFF8E40DD3
:1041F000006840084000DFF8DC1D0860DFF8D80DDB
:10420000006840084000DFF8D01D0860DFF8CC0DE2
:10421000006840084000DFF8C41D0860DFF8C00DEA
:10422000006840084000DFF8B81D0860DFF8B40DF2
:10423000006840084000DFF8AC1D0860DFF8840D1E
:10424000006830F00200DFF87C1D0860DFF8780DB0
:10425000006850F00200DFF8701D0860DFF86C0D98
:10426000006830F00200DFF8641D0860DFF8600DC0
:10427000006830F00200DFF8581D0860DFF8540DC8
:10428000006830F00200DFF84C1D0860DFF8480DD0
:10429000006830F00200DFF8401D0860DFF83C0DD8
:1042A000006830F00200DFF8341D0860DFF8300DE0
:1042B000006830F00200DFF8281D0860DFF8240DE8
:1042C000006830F00200DFF81C1D0860DFF8F40C15
:1042D000006830F00400DFF8EC1C0860DFF8E80C40
:1042E000006850F00400DFF8E01C0860DFF8DC0C28
:1042F000006830F00400DFF8D41C0860DFF8D00C50
:10430000006830F00400DFF8C81C0860DFF8C40C57
:10431000006830F00400DFF8BC1C0860DFF8B80C5F
:10432000006830F00400DFF8B01C0860DFF8AC0C67
:10433000006830F00400DFF8A41C0860DFF8A00C6F
:10434000006830F00400DFF8981C0860DFF8940C77
:10435000006830F00400DFF88C1C0860DFF8640CA3
:10436000006830F00800DFF85C1C0860DFF8580CCB
:10437000006850F00800DFF8501C0860DFF84C0CB3
:10438000006830F00800DFF8441C0860DFF8400CDB
:10439000006830F00800DFF8381C0860DFF8340CE3
:1043A000006830F00800DFF82C1C0860DFF8280CEB
:1043B000006830F00800DFF8201C0860DFF81C0CF3
:1043C000006830F00800DFF8141C0860DFF8100CFB
:1043D000006830F00800DFF8081C0860DFF8040C03
:1043E000006830F00800DFF8FC1B0860DFF8D40B31
:1043F000006830F01000DFF8CC1B0860DFF8C80B55
:10440000006850F01000DFF8C01B0860DFF8BC0B3C
:10441000006830F01000DFF8B41B0860DFF8B00B64
:10442000006830F01000DFF8A81B0860DFF8A40B6C
:10443000006830F01000DFF89C1B0860DFF8980B74
:10444000006830F01000DFF8901B0860DFF88C0B7C
:10445000006830F01000DFF8841B0860DFF8800B84
:10446000006830F01000DFF8781B0860DFF8740B8C
:10447000006830F01000DFF86C1B0860DFF8440BB8
:10448000006830F02000DFF83C1B0860DFF8380BD4
:10449000006850F02000DFF8301B0860DFF82C0BBC
:1044A000006830F02000DFF8241B0860DFF8200BE4
:1044B000006830F02000DFF8181B0860DFF8140BEC
:1044C000006830F02000DFF80C1B0860DFF8080BF4
:1044D000006830F02000DFF8001B0860DFF8FC0AFD
:1044E000006830F02000DFF8F41A0860DFF8F00A06
:1044F000006830F02000DFF8E81A0860DFF8E40A0E
:10450000006830F02000DFF8DC1A0860DFF8B40A39
:10451000006830F04000DFF8AC1A0860DFF8A80A45
:10452000006850F04000DFF8A01A0860DFF89C0A2D
:10453000006830F04000DFF8941A0860DFF8900A55
:10454000006830F04000DFF8881A0860DFF8840A5D
:10455000006830F04000DFF87C1A0860DFF8780A65
:10456000006830F04000DFF8701A0860DFF86C0A6D
:10457000006830F04000DFF8641A0860DFF8600A75
:10458000006830F04000DFF8581A0860DFF8540A7D
:10459000006830F04000DFF84C1A0860DFF8240AA9
:1045A000006830F08000DFF81C1A0860DFF8180A95
:1045B000006830F08000DFF8101A0860DFF80C0A9D
:1045C000006830F08000DFF8041A0860DFF8000AA5
:1045D000006830F08000DFF8F8190860DFF8F409AF
:1045E000006830F08000DFF8EC190860DFF8E809B7
:1045F000006830F08000DFF8E0190860DFF8DC09BF
:10460000006830F08000DFF8D4190860DFF8D009C6
:10461000006830F08000DFF8C8190860DFF8C409CE
:10462000006850F08000DFF8BC190860DFF89409DA
:104630000068DFF8B41909680860DFF88C090068C1
:10464000DFF8A41909684860DFF880090068DFF81E
:10465000981909688860DFF878090068DFF8881918
:104660000968C860DFF86C090068DFF87C19096820
:104670000861DFF864090068DFF86C19096888626E
:10468000DFF858090068DFF860190968C862DFF8C8
:1046900050090068DFF8501909680863DFF8440919
:1046A0000068DFF84419096888637047DFF8140967
:1046B000006840084000DFF80C190860DFF80809BE
:1046C000006840084000DFF800190860DFF8FC08C7
:1046D000006840084000DFF8F4180860DFF8F008D0
:1046E000006840084000DFF8E8180860DFF8E408D8
:1046F000006840084000DFF8DC180860DFF8D808E0
:10470000006840084000DFF8D0180860DFF8CC08E7
:10471000006840084000DFF8C4180860DFF8C008EF
:10472000006840084000DFF8B8180860DFF8B408F7
:10473000006840084000DFF8AC180860DFF8840823
:10474000006830F00200DFF87C180860DFF87808B5
:10475000006830F00200DFF870180860DFF86C08BD
:10476000006830F00200DFF864180860DFF86008C5
:10477000006830F00200DFF858180860DFF85408CD
:10478000006830F00200DFF84C180860DFF84808D5
:10479000006830F00200DFF840180860DFF83C08DD
:1047A000006830F00200DFF834180860DFF83008E5
:1047B000006830F00200DFF828180860DFF82408ED
:1047C000006830F00200DFF81C180860DFF8F4071A
:1047D000006830F00400DFF8EC170860DFF8E80745
:1047E000006830F00400DFF8E0170860DFF8DC074D
:1047F000006830F00400DFF8D4170860DFF8D00755
:10480000006830F00400DFF8C8170860DFF8C4075C
:10481000006830F00400DFF8BC170860DFF8B80764
:10482000006830F00400DFF8B0170860DFF8AC076C
:10483000006830F00400DFF8A4170860DFF8A00774
:10484000006830F00400DFF898170860DFF894077C
:10485000006830F00400DFF88C170860DFF86407A8
:10486000006830F00800DFF85C170860DFF85807D0
:10487000006850F00800DFF850170860DFF84C07B8
:10488000006850F00800DFF844170860DFF84007C0
:10489000006830F00800DFF838170860DFF83407E8
:1048A000006830F00800DFF82C170860DFF82807F0
:1048B000006830F00800DFF820170860DFF81C07F8
:1048C000006850F00800DFF814170860DFF81007E0
:1048D000006830F00800DFF808170860DFF8040708
:1048E000006850F00800DFF8FC160860DFF8D40616
:1048F000006830F01000DFF8CC160860DFF8C8065A
:10490000006830F01000DFF8C0160860DFF8BC0661
:10491000006850F01000DFF8B4160860DFF8B00649
:10492000006830F01000DFF8A8160860DFF8A40671
:10493000006830F01000DFF89C160860DFF8980679
:10494000006830F01000DFF890160860DFF88C0681
:10495000006830F01000DFF884160860DFF8800689
:10496000006850F01000DFF878160860DFF8740671
:10497000006850F01000DFF86C160860DFF844069D
:10498000006830F02000DFF83C160860DFF83806D9
:10499000006830F02000DFF830160860DFF82C06E1
:1049A000006830F02000DFF824160860DFF82006E9
:1049B000006830F02000DFF818160860DFF81406F1
:1049C000006830F02000DFF80C160860DFF80806F9
:1049D000006830F02000DFF800160860DFF8FC0502
:1049E000006830F02000DFF8F4150860DFF8F0050B
:1049F000006830F02000DFF8E8150860DFF8E40513
:104A0000006830F02000DFF8DC150860DFF8B4053E
:104A1000006830F04000DFF8AC150860DFF8A8054A
:104A2000006830F04000DFF8A0150860DFF89C0552
:104A3000006830F04000DFF894150860DFF890055A
:104A4000006830F04000DFF888150860DFF8840562
:104A5000006830F04000DFF87C150860DFF878056A
:104A6000006830F04000DFF870150860DFF86C0572
:104A7000006830F04000DFF864150860DFF860057A
:104A8000006830F04000DFF858150860DFF8540582
:104A9000006830F04000DFF84C150860DFF82405AE
:104AA000006830F08000DFF81C150860DFF818059A
:104AB000006830F08000DFF810150860DFF80C05A2
:104AC000006830F08000DFF804150860DFF80005AA
:104AD000006830F08000DFF8F8140860DFF8F404B4
:104AE000006830F08000DFF8EC140860DFF8E804BC
:104AF000006830F08000DFF8E0140860DFF8DC04C4
:104B0000006830F08000DFF8D4140860DFF8D004CB
:104B1000006830F08000DFF8C8140860DFF8C404D3
:104B2000006830F08000DFF8BC140860DFF89404FF
:104B30000068DFF8B81909680860DFF88C040068BD
:104B4000DFF8A81909684860DFF880040068DFF81A
:104B50009C1909688860DFF878040068DFF88C1910
:104B60000968C860DFF86C040068DFF8801909681C
:104B70000861DFF864040068DFF87019096888626A
:104B8000DFF858040068DFF864190968C862DFF8C4
:104B900050040068DFF8541909680863DFF844041A
:104BA0000068DFF84819096888637047DFF8140463
:104BB000006840084000DFF80C140860DFF80804C3
:104BC000006850F00100DFF800140860DFF8FC0313
:104BD000006840084000DFF8F4130860DFF8F003D5
:104BE000006840084000DFF8E8130860DFF8E403DD
:104BF000006840084000DFF8DC130860DFF8D803E5
:104C0000006840084000DFF8D0130860DFF8CC03EC
:104C1000006840084000DFF8C4130860DFF8C003F4
:104C2000006840084000DFF8B8130860DFF8B403FC
:104C3000006840084000DFF8AC130860DFF8840328
:104C4000006830F00200DFF87C130860DFF87803BA
:104C5000006850F00200DFF870130860DFF86C03A2
:104C6000006830F00200DFF864130860DFF86003CA
:104C7000006830F00200DFF858130860DFF85403D2
:104C8000006830F00200DFF84C130860DFF84803DA
:104C9000006830F00200DFF840130860DFF83C03E2
:104CA000006830F00200DFF834130860DFF83003EA
:104CB000006830F00200DFF828130860DFF82403F2
:104CC000006830F00200DFF81C130860BD4800687F
:104CD00030F00400BB490860BB48006850F0040095
:104CE000B9490860B948006830F00400B749086065
:104CF000B748006830F00400B5490860B54800685E
:104D000030F00400B3490860B348006830F0040094
:104D1000B1490860B148006830F00400AF4908604C
:104D2000AF48006830F00400AD490860AD48006845
:104D300030F00400AB490860A248006830F0080079
:104D4000A0490860A048006850F008009E4908602B
:104D50009E48006830F008009C4908609C48006844
:104D600030F008009A4908609A48006830F008005E
:104D7000984908609848006830F008009649086033
:104D80009648006830F0080094490860944800682C
:104D900030F00800924908609248006830F008003E
:104DA000904908608748006830F010008549086025
:104DB0008548006830F01000834908608348006827
:104DC00030F01000814908608148006830F0100020
:104DD0007F4908607F48006830F010007D49086016
:104DE0007D48006830F010007B4908607B4800680F
:104DF00030F01000794908607948006830F0100000
:104E0000774908607748006830F0100075490860FD
:104E10006C48006830F020006A4908606A48006801
:104E200030F02000684908606848006830F02000D1
:104E3000664908606648006830F0200064490860F0
:104E40006448006830F020006249086062480068E9
:104E500030F02000604908606048006830F02000B1
:104E60005E4908605E48006830F020005C490860D8
:104E70005C48006830F020005A49086051480068DA
:104E800030F040004F4908604F48006830F0400063
:104E90004D4908604D48006830F040004B490860BB
:104EA0004B48006830F040004949086049480068B4
:104EB00030F04000474908604748006830F0400043
:104EC000454908604548006830F0400043490860A3
:104ED0004348006830F0400041490860414800689C
:104EE00030F040003F4908603648006830F08000EC
:104EF000344908603448006830F080003249086066
:104F00003248006830F0800030490860304800685E
:104F100030F080002E4908602E48006830F0800094
:104F20002C4908602C48006830F080002A4908604D
:104F30002A48006830F08000284908602848006846
:104F400030F08000264908602648006830F0800074
:104F5000244908601B480068DFF8941A0968086053
:104F600019480068DFF8881A09684860174800681F
:104F7000DFF87C1A0968886015480068DFF8701A45
:104F80000968C86013480068DFF8641A0968086196
:104F900011480068DFF8581A096888620F480068ED
:104FA000DFF84C1A0968C8620D480068DFF8401A3B
:104FB000096808630B480068DFF8341A09688863D9
:104FC000704700002C080020300800203408002022
:104FD000380800203C080020400800204408002039
:104FE000480800204C08002030020020DFF81C0E8A
:104FF000006840084000DFF8141E0860DFF8100E5B
:10500000006840084000DFF8081E0860DFF8040E62
:10501000006840084000DFF8FC1D0860DFF8F80D6C
:10502000006840084000DFF8F01D0860DFF8EC0D74
:10503000006840084000DFF8E41D0860DFF8E00D7C
:10504000006840084000DFF8D81D0860DFF8D40D84
:10505000006840084000DFF8CC1D0860DFF8C80D8C
:10506000006840084000DFF8C01D0860DFF8BC0D94
:10507000006840084000DFF8B41D0860DFF88C0DC0
:10508000006830F00200DFF8841D0860DFF8800D52
:10509000006830F00200DFF8781D0860DFF8740D5A
:1050A000006830F00200DFF86C1D0860DFF8680D62
:1050B000006830F00200DFF8601D0860DFF85C0D6A
:1050C000006830F00200DFF8541D0860DFF8500D72
:1050D000006830F00200DFF8481D0860DFF8440D7A
:1050E000006830F00200DFF83C1D0860DFF8380D82
:1050F000006830F00200DFF8301D0860DFF82C0D8A
:10510000006830F00200DFF8241D0860DFF8FC0CB6
:10511000006830F00400DFF8F41C0860DFF8F00CE1
:10512000006830F00400DFF8E81C0860DFF8E40CE9
:10513000006830F00400DFF8DC1C0860DFF8D80CF1
:10514000006830F00400DFF8D01C0860DFF8CC0CF9
:10515000006830F00400DFF8C41C0860DFF8C00C01
:10516000006830F00400DFF8B81C0860DFF8B40C09
:10517000006830F00400DFF8AC1C0860DFF8A80C11
:10518000006830F00400DFF8A01C0860DFF89C0C19
:10519000006830F00400DFF8941C0860DFF86C0C45
:1051A000006830F00800DFF8641C0860DFF8600C6D
:1051B000006830F00800DFF8581C0860DFF8540C75
:1051C000006830F00800DFF84C1C0860DFF8480C7D
:1051D000006830F00800DFF8401C0860DFF83C0C85
:1051E000006830F00800DFF8341C0860DFF8300C8D
:1051F000006830F00800DFF8281C0860DFF8240C95
:10520000006830F00800DFF81C1C0860DFF8180C9C
:10521000006830F00800DFF8101C0860DFF80C0CA4
:10522000006830F00800DFF8041C0860DFF8DC0BD1
:10523000006830F01000DFF8D41B0860DFF8D00BF6
:10524000006830F01000DFF8C81B0860DFF8C40BFE
:10525000006830F01000DFF8BC1B0860DFF8B80B06
:10526000006830F01000DFF8B01B0860DFF8AC0B0E
:10527000006830F01000DFF8A41B0860DFF8A00B16
:10528000006830F01000DFF8981B0860DFF8940B1E
:10529000006830F01000DFF88C1B0860DFF8880B26
:1052A000006830F01000DFF8801B0860DFF87C0B2E
:1052B000006830F01000DFF8741B0860DFF84C0B5A
:1052C000006830F02000DFF8441B0860DFF8400B76
:1052D000006850F02000DFF8381B0860DFF8340B5E
:1052E000006850F02000DFF82C1B0860DFF8280B66
:1052F000006830F02000DFF8201B0860DFF81C0B8E
:10530000006830F02000DFF8141B0860DFF8100B95
:10531000006830F02000DFF8081B0860DFF8040B9D
:10532000006830F02000DFF8FC1A0860DFF8F80AA7
:10533000006830F02000DFF8F01A0860DFF8EC0AAF
:10534000006830F02000DFF8E41A0860DFF8BC0ADB
:10535000006830F04000DFF8B41A0860DFF8B00AE7
:10536000006830F04000DFF8A81A0860DFF8A40AEF
:10537000006850F04000DFF89C1A0860DFF8980AD7
:10538000006830F04000DFF8901A0860DFF88C0AFF
:10539000006830F04000DFF8841A0860DFF8800A07
:1053A000006830F04000DFF8781A0860DFF8740A0F
:1053B000006830F04000DFF86C1A0860DFF8680A17
:1053C000006830F04000DFF8601A0860DFF85C0A1F
:1053D000006850F04000DFF8541A0860DFF82C0A2B
:1053E000006830F08000DFF8241A0860DFF8200A37
:1053F000006830F08000DFF8181A0860DFF8140A3F
:10540000006830F08000DFF80C1A0860DFF8080A46
:10541000006830F08000DFF8001A0860DFF8FC094F
:10542000006830F08000DFF8F4190860DFF8F00958
:10543000006830F08000DFF8E8190860DFF8E40960
:10544000006830F08000DFF8DC190860DFF8D80968
:10545000006830F08000DFF8D0190860DFF8CC0970
:10546000006830F08000DFF8C4190860DFF89C099C
:105470000068DFF8BC1909680860DFF89409006863
:10548000DFF8AC1909684860DFF888090068DFF8C0
:10549000A01909688860DFF880090068DFF89019B2
:1054A0000968C860DFF874090068DFF884190968C2
:1054B0000861DFF86C090068DFF874190968886210
:1054C000DFF860090068DFF868190968C862DFF86A
:1054D00058090068DFF8581909680863DFF84C09B3
:1054E0000068DFF84C1909688863704734020020AF
:1054F000DFF81809006840084000DFF8101908605C
:10550000DFF80C09006850F00100DFF804190860AA
:10551000DFF80009006850F00100DFF8F8180860B3
:10552000DFF8F408006840084000DFF8EC18086075
:10553000DFF8E808006840084000DFF8E01808607D
:10554000DFF8DC08006840084000DFF8D418086085
:10555000DFF8D008006850F00100DFF8C8180860D4
:10556000DFF8C408006840084000DFF8BC18086095
:10557000DFF8B808006840084000DFF8B01808609D
:10558000DFF88808006830F00200DFF88018086053
:10559000DFF87C08006830F00200DFF8741808605B
:1055A000DFF87008006850F00200DFF86818086043
:1055B000DFF86408006830F00200DFF85C1808606B
:1055C000DFF85808006830F00200DFF85018086073
:1055D000DFF84C08006830F00200DFF8441808607B
:1055E000DFF84008006850F00200DFF83818086063
:1055F000DFF83408006830F00200DFF82C1808608B
:10560000DFF82808006850F00200DFF82018086072
:10561000DFF8F807006830F00400DFF8F0170860E2
:10562000DFF8EC07006850F00400DFF8E4170860CA
:10563000DFF8E007006830F00400DFF8D8170860F2
:10564000DFF8D407006830F00400DFF8CC170860FA
:10565000DFF8C807006830F00400DFF8C017086002
:10566000DFF8BC07006830F00400DFF8B41708600A
:10567000DFF8B007006830F00400DFF8A817086012
:10568000DFF8A407006830F00400DFF89C1708601A
:10569000DFF89807006830F00400DFF89017086022
:1056A000DFF86807006830F00800DFF8601708606E
:1056B000DFF85C07006830F00800DFF85417086076
:1056C000DFF85007006830F00800DFF8481708607E
:1056D000DFF84407006830F00800DFF83C17086086
:1056E000DFF83807006830F00800DFF8301708608E
:1056F000DFF82C07006830F00800DFF82417086096
:10570000DFF82007006830F00800DFF8181708609D
:10571000DFF81407006830F00800DFF80C170860A5
:10572000DFF80807006850F00800DFF8001708608D
:10573000DFF8D806006830F01000DFF8D0160860F7
:10574000DFF8CC06006830F01000DFF8C4160860FF
:10575000DFF8C006006830F01000DFF8B816086007
:10576000DFF8B406006830F01000DFF8AC1608600F
:10577000DFF8A806006830F01000DFF8A016086017
:10578000DFF89C06006830F01000DFF8941608601F
:10579000DFF89006006830F01000DFF88816086027
:1057A000DFF88406006830F01000DFF87C1608602F
:1057B000DFF87806006850F01000DFF87016086017
:1057C000DFF84806006830F02000DFF84016086077
:1057D000DFF83C06006830F02000DFF8341608607F
:1057E000DFF83006006830F02000DFF82816086087
:1057F000DFF82406006830F02000DFF81C1608608F
:10580000DFF81806006830F02000DFF81016086096
:10581000DFF80C06006830F02000DFF8041608609E
:10582000DFF80006006830F02000DFF8F8150860A7
:10583000DFF8F405006830F02000DFF8EC150860B0
:10584000DFF8E805006850F02000DFF8E015086098
:10585000DFF8B805006830F04000DFF8B0150860E8
:10586000DFF8AC05006830F04000DFF8A4150860F0
:10587000DFF8A005006830F04000DFF898150860F8
:10588000DFF89405006830F04000DFF88C15086000
:10589000DFF88805006830F04000DFF88015086008
:1058A000DFF87C05006830F04000DFF87415086010
:1058B000DFF87005006830F04000DFF86815086018
:1058C000DFF86405006830F04000DFF85C15086020
:1058D000DFF85805006850F04000DFF85015086008
:1058E000DFF82805006830F08000DFF82015086038
:1058F000DFF81C05006830F08000DFF81415086040
:10590000DFF81005006830F08000DFF80815086047
:10591000DFF80405006830F08000DFF8FC14086050
:10592000DFF8F804006830F08000DFF8F014086059
:10593000DFF8EC04006830F08000DFF8E414086061
:10594000DFF8E004006830F08000DFF8D814086069
:10595000DFF8D404006830F08000DFF8CC14086071
:10596000DFF8C804006850F08000DFF8C014086059
:10597000DFF898040068DFF8BC1909680860DFF8F0
:1059800090040068DFF8AC1909684860DFF8840407
:105990000068DFF8A01909688860DFF87C040068F7
:1059A000DFF890190968C860DFF870040068DFF854
:1059B000841909680861DFF868040068DFF8741961
:1059C00009688862DFF85C040068DFF86819096814
:1059D000C862DFF854040068DFF8581909680863E2
:1059E000DFF848040068DFF84C19096888637047DD
:1059F00038020020DFF81404006840084000DFF897
:105A00000C140860DFF80804006840084000DFF864
:105A100000140860DFF8FC03006840084000DFF86D
:105A2000F4130860DFF8F003006840084000DFF876
:105A3000E8130860DFF8E403006840084000DFF87E
:105A4000DC130860DFF8D803006840084000DFF886
:105A5000D0130860DFF8CC03006840084000DFF88E
:105A6000C4130860DFF8C003006840084000DFF896
:105A7000B8130860DFF8B403006840084000DFF89E
:105A8000AC130860DFF88403006830F00200DFF830
:105A90007C130860DFF87803006830F00200DFF85C
:105AA00070130860DFF86C03006830F00200DFF864
:105AB00064130860DFF86003006830F00200DFF86C
:105AC00058130860DFF85403006830F00200DFF874
:105AD0004C130860DFF84803006830F00200DFF87C
:105AE00040130860DFF83C03006830F00200DFF884
:105AF00034130860DFF83003006830F00200DFF88C
:105B000028130860DFF82403006830F00200DFF893
:105B10001C130860BD48006830F00400BB490860F1
:105B2000BB48006830F00400B9490860B948006813
:105B300030F00400B7490860B748006830F004004E
:105B4000B5490860B548006830F00400B349086002
:105B5000B348006830F00400B1490860B1480068FB
:105B600030F00400AF490860AF48006830F004002E
:105B7000AD490860AD48006830F00400AB490860EA
:105B8000A248006830F00800A0490860A0480068FA
:105B900030F008009E4908609E48006830F0080018
:105BA0009C4908609C48006830F008009A490860E9
:105BB0009A48006830F008009849086098480068E2
:105BC00030F00800964908609648006830F00800F8
:105BD000944908609448006830F0080092490860D1
:105BE0009248006830F008009049086087480068D3
:105BF00030F01000854908608548006830F01000DA
:105C0000834908608348006830F0100081490860CB
:105C10008148006830F010007F4908607F480068C4
:105C200030F010007D4908607D48006830F01000B9
:105C30007B4908607B48006830F0100079490860B3
:105C40007948006830F010007749086077480068AC
:105C500030F01000754908606C48006830F0200092
:105C60006A4908606A48006830F0200068490860A6
:105C70006848006830F0200066490860664800689F
:105C800030F02000644908606448006830F020006B
:105C9000624908606248006830F02000604908608E
:105CA0006048006830F020005E4908605E48006887
:105CB00030F020005C4908605C48006830F020004B
:105CC0005A4908605148006830F040004F49086068
:105CD0004F48006830F040004D4908604D4800686A
:105CE00030F040004B4908604B48006830F04000FD
:105CF000494908604948006830F040004749086059
:105D00004748006830F04000454908604548006851
:105D100030F04000434908604348006830F04000DC
:105D2000414908604148006830F040003F49086040
:105D30003648006830F08000344908603448006814
:105D400030F08000324908603248006830F080004E
:105D5000304908603048006830F080002E49086003
:105D60002E48006830F080002C4908602C480068FC
:105D700030F080002A4908602A48006830F080002E
:105D8000284908602848006830F0800026490860EB
:105D90002648006830F08000244908601B480068ED
:105DA000DFF898190968086019480068DFF88C194D
:105DB0000968486017480068DFF88019096888603A
:105DC00015480068DFF874190968C860134800684E
:105DD000DFF868190968086111480068DFF85C1984
:105DE000096888620F480068DFF850190968C862BE
:105DF0000D480068DFF84419096808630B4800681B
:105E0000DFF8381909688863704700002C08002003
:105E10003008002034080020380800203C0800200A
:105E20004008002044080020480800204C080020BA
:105E30003C020020DFF80809006840084000DFF855
:105E400000190860DFF8FC08006840084000DFF82F
:105E5000F4180860DFF8F008006840084000DFF838
:105E6000E8180860DFF8E408006840084000DFF840
:105E7000DC180860DFF8D808006840084000DFF848
:105E8000D0180860DFF8CC08006840084000DFF850
:105E9000C4180860DFF8C008006840084000DFF858
:105EA000B8180860DFF8B408006840084000DFF860
:105EB000AC180860DFF8A808006840084000DFF868
:105EC000A0180860DFF87808006830F00200DFF8FA
:105ED00070180860DFF86C08006830F00200DFF826
:105EE00064180860DFF86008006830F00200DFF82E
:105EF00058180860DFF85408006830F00200DFF836
:105F00004C180860DFF84808006830F00200DFF83D
:105F100040180860DFF83C08006830F00200DFF845
:105F200034180860DFF83008006830F00200DFF84D
:105F300028180860DFF82408006830F00200DFF855
:105F40001C180860DFF81808006830F00200DFF85D
:105F500010180860DFF8E807006830F00400DFF888
:105F6000E0170860DFF8DC07006830F00400DFF8B5
:105F7000D4170860DFF8D007006830F00400DFF8BD
:105F8000C8170860DFF8C407006830F00400DFF8C5
:105F9000BC170860DFF8B807006830F00400DFF8CD
:105FA000B0170860DFF8AC07006830F00400DFF8D5
:105FB000A4170860DFF8A007006830F00400DFF8DD
:105FC00098170860DFF89407006830F00400DFF8E5
:105FD0008C170860DFF88807006830F00400DFF8ED
:105FE00080170860DFF85807006830F00800DFF815
:105FF00050170860DFF84C07006830F00800DFF841
:1060000044170860DFF84007006830F00800DFF848
:1060100038170860DFF83407006830F00800DFF850
:106020002C170860DFF82807006830F00800DFF858
:1060300020170860DFF81C07006830F00800DFF860
:1060400014170860DFF81007006830F00800DFF868
:1060500008170860DFF80407006830F00800DFF870
:10606000FC160860DFF8F806006830F00800DFF87A
:10607000F0160860DFF8C806006830F01000DFF89E
:10608000C0160860DFF8BC06006830F01000DFF8CA
:10609000B4160860DFF8B006006830F01000DFF8D2
:1060A000A8160860DFF8A406006830F01000DFF8DA
:1060B0009C160860DFF89806006830F01000DFF8E2
:1060C00090160860DFF88C06006830F01000DFF8EA
:1060D00084160860DFF88006006830F01000DFF8F2
:1060E00078160860DFF87406006830F01000DFF8FA
:1060F0006C160860DFF86806006830F01000DFF802
:1061000060160860DFF83806006830F02000DFF81D
:1061100030160860DFF82C06006830F02000DFF849
:1061200024160860DFF82006006830F02000DFF851
:1061300018160860DFF81406006830F02000DFF859
:106140000C160860DFF80806006830F02000DFF861
:1061500000160860DFF8FC05006830F02000DFF86A
:10616000F4150860DFF8F005006830F02000DFF873
:10617000E8150860DFF8E405006830F02000DFF87B
:10618000DC150860DFF8D805006830F02000DFF883
:10619000D0150860DFF8A805006830F04000DFF88F
:1061A000A0150860DFF89C05006830F04000DFF8BB
:1061B00094150860DFF89005006830F04000DFF8C3
:1061C00088150860DFF88405006830F04000DFF8CB
:1061D0007C150860DFF87805006830F04000DFF8D3
:1061E00070150860DFF86C05006830F04000DFF8DB
:1061F00064150860DFF86005006830F04000DFF8E3
:1062000058150860DFF85405006830F04000DFF8EA
:106210004C150860DFF84805006830F04000DFF8F2
:1062200040150860DFF81805006830F08000DFF8DE
:1062300010150860DFF80C05006830F08000DFF80A
:1062400004150860DFF80005006830F08000DFF812
:10625000F8140860DFF8F404006830F08000DFF81C
:10626000EC140860DFF8E804006830F08000DFF824
:10627000E0140860DFF8DC04006830F08000DFF82C
:10628000D4140860DFF8D004006830F08000DFF834
:10629000C8140860DFF8C404006830F08000DFF83C
:1062A000BC140860DFF8B804006830F08000DFF844
:1062B000B0140860DFF888040068DFF8A8140968E3
:1062C0000860DFF880040068DFF898140968486007
:1062D000DFF874040068DFF88C1409688860DFF860
:1062E0006C040068DFF87C140968C860DFF860049B
:1062F0000068DFF8701409680861DFF85804006866
:10630000DFF8601409688862DFF84C040068DFF881
:1063100054140968C862DFF844040068DFF84414C4
:1063200009680863DFF838040068DFF83814096882
:106330008863704740020020DFF8040400684008CA
:106340004000DFF8FC130860DFF8F803006840083D
:106350004000DFF8F0130860DFF8EC030068400845
:106360004000DFF8E4130860DFF8E003006840084D
:106370004000DFF8D8130860DFF8D4030068400855
:106380004000DFF8CC130860DFF8C803006840085D
:106390004000DFF8C0130860DFF8BC030068400865
:1063A0004000DFF8B4130860DFF8B003006840086D
:1063B0004000DFF8A8130860DFF8A4030068400875
:1063C0004000DFF89C130860DFF87403006830F0C9
:1063D0000200DFF86C130860DFF86803006830F033
:1063E0000200DFF860130860DFF85C03006830F03B
:1063F0000200DFF854130860DFF85003006830F043
:106400000200DFF848130860DFF84403006830F04A
:106410000200DFF83C130860DFF83803006830F052
:106420000200DFF830130860DFF82C03006830F05A
:106430000200DFF824130860DFF82003006830F062
:106440000200DFF818130860DFF81403006830F06A
:106450000200DFF80C130860B948006830F004004F
:10646000B7490860B748006830F00400B5490860D3
:10647000B548006830F00400B3490860B3480068CC
:1064800030F00400B1490860B148006830F0040001
:10649000AF490860AF48006830F00400AD490860BB
:1064A000AD48006830F00400AB490860AB480068B4
:1064B00030F00400A9490860A948006830F00400E1
:1064C000A74908609E48006830F008009C490860B1
:1064D0009C48006830F008009A4908609A480068B3
:1064E00030F00800984908609848006830F00800CB
:1064F000964908609648006830F0080094490860A2
:106500009448006830F0080092490860924800689A
:1065100030F00800904908609048006830F00800AA
:106520008E4908608E48006830F008008C49086089
:106530008348006830F01000814908608148006895
:1065400030F010007F4908607F48006830F010008C
:106550007D4908607D48006830F010007B49086084
:106560007B48006830F0100079490860794800687D
:1065700030F01000774908607748006830F010006C
:10658000754908607548006830F01000734908606C
:106590007348006830F0100071490860684800686E
:1065A00030F02000664908606648006830F020003E
:1065B000644908606448006830F02000624908605F
:1065C0006248006830F02000604908606048006858
:1065D00030F020005E4908605E48006830F020001E
:1065E0005C4908605C48006830F020005A49086047
:1065F0005A48006830F02000584908605848006840
:1066000030F02000564908604D48006830F04000E6
:106610004B4908604B48006830F040004949086029
:106620004948006830F04000474908604748006822
:1066300030F04000454908604548006830F04000AF
:10664000434908604348006830F040004149086011
:106650004148006830F040003F4908603F4800680A
:1066600030F040003D4908603D48006830F040008F
:106670003B4908603248006830F0800030490860CB
:106680003048006830F080002E4908602E480068CD
:1066900030F080002C4908602C48006830F0800001
:1066A0002A4908602A48006830F0800028490860BC
:1066B0002848006830F080002649086026480068B5
:1066C00030F08000244908602448006830F08000E1
:1066D000224908602248006830F0800020490860A4
:1066E00017480068204909680860164800681E4974
:1066F00009684860144800681B49096888601348A5
:10670000006819490968C860114800681649096895
:106710000861104800681449096888620E480068DA
:1067200011490968C8620D4800680F490968086383
:106730000B4800680C4909688863704744020020D0
:106740002C080020300800203408002038080020E1
:106750003C08002040080020440800204808002091
:106760004C080020480200204C02002080B5FDF7B4
:106770001DFDFDF79BFFFEF719FAFEF737FCFEF74C
:10678000B7FEFFF737F9FFF755FBFFF7D5FD01BD62
:106790004FF0600080F31188BFF34F8FBFF36F8F0E
:1067A000704700004FF0000080F31188704780B5FB
:1067B0000E20DFF81C1B0860DFF8180B006810F1D2
:1067C000010F02D0FFF7E4FFFEE7FFF7E1FFFEE76E
:1067D00080B5FFF7DDFFDFF8FC0A0068401CDFF83A
:1067E000F41A0860DFF8EC0A0068012807D1DFF826
:1067F000180C0068000602D0FFF7CAFFFEE701BDD3
:1068000080B5DFF8D00A0068002802D1FFF7C0FF8A
:10681000FEE7DFF8C00A0068401EDFF8B81A08601B
:10682000DFF8B00A0068002801D1FFF7BBFF01BD07
:10683000DFF8D81B026B142303FB02114968C16007
:106840008A68026110F108028B685A6010F1080230
:106850008A60DFF8B81B026B142303FB021181610D
:10686000DFF8A81B026B142303FB02110968491C03
:10687000DFF8982B006B142303FB002001607047A6
:1068800001694268836893605A604A68824201D114
:1068900082684A60002202610868401E0860086839
:1068A000704770B50024DFF8300A0068002865D111
:1068B000DFF8280A0068451CDFF8200A0560002D73
:1068C00030D1DFF81C0A00680068002802D0FFF70A
:1068D0005FFFFEE7DFF8080A0068DFF8081A0968BA
:1068E000DFF8FC291160DFF8FC190860DFF8F8090F
:1068F0000068401CDFF8F0190860DFF8E409006860
:106900000068002805D05FF0FF30DFF8E01908606C
:1069100008E0DFF8CC090068C068C668B068DFF836
:10692000CC190860DFF8C409006885422DD30DE05A
:1069300016F10800FFF7A4FFF06A002803D016F153
:106940001C00FFF79DFF3000FFF772FFDFF8900992
:1069500000680068002805D05FF0FF30DFF88C1970
:10696000086012E0DFF878090068C068C668B0689F
:106970008542DDD2DFF87419086006E0DFF8900A7E
:106980000068401CDFF8881A0860200070BDDFF83E
:10699000840A0068401CDFF87C1A0860704738B52C
:1069A00000250024DFF86C0A0068002802D1FFF7F8
:1069B000EFFEFEE7FFF70CFFDFF8580A0068401E05
:1069C000DFF8501A0860DFF84C0A0068002860D130
:1069D000DFF8440A006800281AD15AE0DFF83C0AC0
:1069E000C068C56815F11C00FFF74AFF15F10800E3
:1069F000FFF746FF2800FFF71BFF286BDFF8201A80
:106A00000968096B884203D30120DFF8181A08606F
:106A1000DFF8080A00680028E0D1002D14D0DFF864
:106A2000C00800680068002805D05FF0FF30DFF87C
:106A3000BC18086008E0DFF8A8080068C068C068F3
:106A40008068DFF8A8180860DFF8C4090568002D21
:106A50000ED0FFF726FF002803D00120DFF8C4196D
:106A600008606D1E002DF4D10020DFF8A419086025
:106A7000DFF8B009006800280BD001245FF08050D7
:106A8000DFF8841908600F2000F0B7FD0F2000F038
:106A9000B8FDFFF7B5FE200032BD10F108014160DE
:106AA0005FF0FF31816010F10801C16010F1080151
:106AB0000161002101607047001F5FF08073036077
:106AC000001F490849000160001FDFF85C190160E0
:106AD000001F00210160001F00210160001F002134
:106AE0000160001F00210160001F0260001F0021E3
:106AF0000160001F00210160001F00210160001FD4
:106B000000210160001F00210160001F00210160C1
:106B1000001F00210160001F00210160704710B5B7
:106B20000400FFF755FEDFF8F0080068401CDFF8AE
:106B3000E8180860DFF8F4080068401CDFF8EC187B
:106B40000860DFF8E80800682066DFF8D40800680D
:106B5000002803D1DFF8C80804600EE0DFF8D00891
:106B60000068002809D1206BDFF8B4180968096BA8
:106B7000884202D3DFF8A8080460DFF8B80800688C
:106B8000216B884203D2206BDFF8A8180860200030
:106B9000FFF74EFEFFF734FEDFF894080068002888
:106BA00011D0DFF87C080068006B216B88420AD2A4
:106BB0005FF08050DFF8501808600F2000F01DFDD6
:106BC0000F2000F01EFD10BDF8B504000E001D00E2
:106BD0000020A8610020E8626D61A068D0F1070084
:106BE000E861AD626A63E0688100AA226F6B3800D9
:106BF00000F0EAFD686BE16810EB8100C008C0009E
:106C000010F00701002902D0FFF7C2FDFEE768601F
:106C100032006168FFF750FF2860A068072803D39F
:106C20000620A060A06800E0A068A0682863A068B3
:106C3000A863002007E02168C0B2415CC0B24219DD
:106C400082F83C10401C2168C0B2415C002902D08F
:106C5000C0B20F28EFDB002085F84B000020E8646D
:106C600000202865002068650020A865002085F8C0
:106C70005C00002085F85D0014F11400002800D0AD
:106C80006561F1BDDFF8B01700E009680A6882426B
:106C9000FBD30A004B689A18824204D14A684068C4
:106CA000801848600800020043689A180B689A42EE
:106CB00013D10A68DFF884371B689A4208D042680B
:106CC0000B685B689A1842600A681268026006E006
:106CD000DFF868271268026001E00A6802608142FA
:106CE00000D00860704770B504000025FFF74FFE24
:106CF000DFF848070068002838D14FF440510022DF
:106D0000DFF83C67300000F05FFDDFF83407DFF8A4
:106D1000281708600020DFF82017486042F6E0706E
:106D200000F1005010F58040DFF8101708600020D7
:106D3000DFF80817096808600020DFF80017096805
:106D40004860DFF8FC06DFF8F4160968DFF8F02683
:106D5000891A4160DFF8E416096801604168DFF8CC
:106D6000E42611604068DFF8E0160860200459D47A
:106D7000DFF8D4060068A04254D3083414F0070F9B
:106D800004D014F1080014F00701441A14F0070F9E
:106D900002D0FFF7FDFCFEE7DFF89C06DFF898164F
:106DA0000E6801E0300036687168A14202D2316895
:106DB0000029F7D1DFF8841609688E4232D00168C5
:106DC00011F10805316801607068001B11280DD3AE
:106DD000A01910F00701002902D0FFF7D9FCFEE747
:106DE0007168091B41607460FFF74CFFDFF85806BB
:106DF00000687168401ADFF850160860DFF848062E
:106E00000068DFF840160968884205D2DFF83806C6
:106E10000068DFF830160860706850F40040706059
:106E200000203060FFF7BBFD15F00700002802D0FE
:106E3000FFF7AEFCFEE7280070BD10B5B0F1080406
:106E40006068000402D4FFF7A3FCFEE72068002876
:106E500002D0FFF79DFCFEE76068000415D52068AE
:106E6000002812D1606830F400406060FFF78FFDA9
:106E7000DFF8D405006861680818DFF8CC150860F1
:106E80002000FFF7FFFEFFF78AFD10BD10B50024BC
:106E900008E0DFF87805E4B2142101FB0400FFF7F5
:106EA000FCFD641CE4B2072CF3D3DFF8A005FFF768
:106EB000F4FDDFF89C05FFF7F0FDDFF89805FFF71C
:106EC000ECFDDFF89405FFF7E8FDDFF85005FFF76C
:106ED000E4FDDFF88805FFF7E0FDDFF88405FFF744
:106EE000DCFD0020DFF82C1508600020DFF82815F5
:106EF00008600020DFF82C1508600020DFF810156E
:106F000008600020DFF8281508600020DFF824154D
:106F100008600020DFF8D41308600020DFF8B81301
:106F200008600020DFF8B41308600020DFF8B81311
:106F300008600020DFF8F4140860DFF81005DFF8BF
:106F4000A0130860DFF80805DFF898130860002038
:106F5000DFF8CC1408600020DFF80815086010BDC9
:106F6000F8B504000D0000260027E0688000FFF758
:106F7000BAFE0600002E16D06820FFF7B4FE070008
:106F8000002F0AD03B00320029002000FFF71CFE32
:106F90003800FFF7C4FD012008E03000FFF74DFF87
:106FA0000220206101E0012020610020F2BD0000EC
:106FB00080B509E0DFF8B0040068401CDFF8A814D1
:106FC0000860DFF8A404006800F094FCDFF898047F
:106FD00000684FF6FF718842ECD30020DFF8881478
:106FE0000860DFF884040068EEE710B504002000B4
:106FF00000F0B9FCFFF74AFF2100DFF87004FFF74B
:10700000AFFF2100DFF86804FFF7AAFF2100DFF8D7
:107010006404FFF7A5FF2100DFF85C04FFF7A0FF81
:107020002100DFF85804FFF79BFF2100DFF8500430
:10703000FFF796FF2100DFF84C04FFF791FF0220D5
:10704000A349086010BD000080B5FFF7ABFB62B636
:1070500061B6BFF34F8FBFF36F8F00DF00BF00BF7C
:1070600001BD42684A6093688B6093685960916083
:1070700008610168491C0160704799480068006810
:10708000002805D15FF0FF30DFF8FC13086007E04F
:1070900093480068C068C0688068DFF8EC13086037
:1070A000704710B5C068C468002C02D1FFF770FBB0
:1070B000FEE714F11C00FFF7E3FB87480068002897
:1070C00007D114F10800FFF7DBFB2000FFF7B0FB4E
:1070D00005E014F11C01DFF84403FFF7C2FFDFF8FD
:1070E00040030068006B216B884204D20124012018
:1070F000CC49086000E00024FFF7BFFF200010BD6E
:1071000038B505000C00002D02D1FFF741FBFEE76A
:10711000FFF75EFB2868E96B2A6C02FB01006860E0
:107120000020A8632868A8602868E96B491E2A6CBB
:1071300002FB0100E8605FF0FF3085F844005FF07B
:10714000FF3085F84500002C13D12869002818D09D
:1071500015F11000FFF7A5FF002812D05FF0805056
:10716000A94908600F2000F048FA0F2000F049FA02
:1071700007E015F11000FFF790FC15F12400FFF770
:107180008CFCFFF73DFB012032BD80B5029B00293E
:1071900001D11B6000E01A60D86319640121180056
:1071A000FFF7AEFF01BDF8B504000D001600002C7E
:1071B00002D1FFF7EDFAFEE7002D01D1002001E03A
:1071C00005FB04F04830FFF78EFD0700002F08D0C4
:1071D00017F1480200973300DBB229002000FFF7C7
:1071E000D4FF3800F2BD80B5FFF7F2FA9D48006881
:1071F000002806D1002210210A20FFF7D4FF994968
:107200000860FFF7FDFA01BD002032490860002048
:10721000704710B50400FFF7E6FFFFF7B9FA5FF01B
:10722000FF303249086001208149086000202B4965
:1072300008602000FFF7E8FF032025490860934815
:10724000006850F0020091490860FFF7FDFE200041
:107250008C494968884704201D490860FFF7A2FA55
:10726000200087494968884710BD80B51A480068E2
:10727000002803D001206B49086027E000206949FD
:1072800008606C48006800E0401E6049142202FB60
:1072900000110968002904D10028F5D1FFF778FA18
:1072A000FEE75A49142202FB00114A6852684A60FC
:1072B0004A6811F108039A4202D14A6852684A604A
:1072C0004968C968564A11605A49086001BD000002
:1072D000C0080020A0020020DC710020E071002026
:1072E000EC710020F0710020E4710020D8710020C2
:1072F00070B50025FFF74CFA07206549086065481E
:10730000006800285DD164480068441C624804603D
:10731000002C1DD161480068614909685F4A11600D
:107320005F4908605F480068401C5E4908605B4830
:1073300000680068002804D15FF0FF3052490860FF
:1073400006E056480068C068C06880684E4908601A
:107350004D480068844228D314E016F10800FFF776
:107360008FFAF06A002803D016F11C00FFF788FAA4
:107370003000FFF75DFA306B29490968096B8842D4
:1073800000D30125454800680068002804D15FF05B
:10739000FF303D49086008E040480068C068C668A2
:1073A000B0688442D9D2384908601D48006817493E
:1073B000006B142202FB00100068022806D301258E
:1073C00004E013480068401C11490860EDB2012D2B
:1073D00003D014480068012801D1012500E00025F0
:1073E000EDB2002D09D05FF08050074908600F20F2
:1073F00000F003F90F2000F004F9FFF7D3F908209B
:107400002349086070BD000004ED00E0A870002072
:10741000CC710020C0710020C47100208471002054
:10742000F8710020C8710020AF670000E8710020EB
:10743000D0710020D4710020EC070020BC0800208F
:1074400000400020C4080020C8080020347100203B
:10745000487100205C71002070710020987100203C
:10746000AC710020F4710020CC0800206070002076
:1074700048700020307000201870002078700020C4
:107480009070002000700020D871002010E000E013
:10749000C0080020DC710020E0710020EC710020A9
:1074A000F0710020E471002080B55FF0E020874992
:1074B000086004E0FF208549096881F800048348DA
:1074C000006890F800040028F4D08048006890F824
:1074D00000047F490870002000E0401C7C490978C6
:1074E0000A000241D107F8D5794908707848007838
:1074F000052811D175480068D0F8000DC0F30B10B5
:1075000040F62441884203D100207249087006E009
:1075100001207049087002E002206E4908706E4830
:107520006E4908606E486F4908606F486F4908608F
:107530006F48704908607048704908607048714928
:107540000860714871490860714872490860724862
:10755000724908607248734908607348734908604B
:1075600073487449086074487449086074487549E0
:10757000086075487549086075487649086076481E
:107580007649086076487749086077487749086007
:107590007748784908607848784908607848794998
:1075A000086079487949086079487A4908607A48DA
:1075B0007A4908607A487B4908607B487B490860C3
:1075C0007B487C4908607C487C49086000F0D2FB1D
:1075D00001BD000062B6704772B6704780B5FFF714
:1075E000F9FF01BD80B5FFF7F7FF01BDBFF34F8F76
:1075F00070470000BFF36F8F704780B5FFF7F6FF4D
:1076000001BD80B5FFF7F6FF01BD10B46C48012144
:1076100031F0020151F0040131F480314FF47A72FB
:10762000B0FBF2F00002000A0022002333F0804396
:107630005B005B08254C2468216124490968486186
:1076400022480068826121480068C36110BC70470D
:10765000002021E01D4909685A4A52F8302051188B
:10766000584A12EBC0025268194B93F900309A4005
:1076700081F8002415490968524A52F83020521105
:1076800011EB820101224F4B13F8303013F01F032E
:107690009A40C1F80021401C082815D2494951F8E8
:1076A00030100029D6D509490968464A52F83020D9
:1076B0005118444A12EBC0025268054B93F900304E
:1076C0009A4081F8242DE6E7704700002802002048
:1076D000F1080020F008002000300F402C020020AC
:1076E00000000C403002002000010C403402002059
:1076F00000020C403802002000030C403C02002035
:1077000000040C404002002000050C404402002010
:1077100000060C404802002000070C404C020020EC
:1077200000080C405002002000090C4054020020C8
:10773000000A0C4058020020000C0C405C020020A3
:10774000000D0C406002002000400C40640200204C
:1077500000410C406802002000420C406C020020F6
:1077600000430C407002002000440C4074020020D2
:1077700000450C407802002000460C407C020020AE
:1077800000470C408002002000480C40840200208A
:1077900000490C408802002000100E408C0200209E
:1077A00000110E409002002000120E4094020020B2
:1077B00000130E409802002000200F409C02002081
:1077C000008C8647E4AE000062F30F2262F31F4292
:1077D000401810F0030308D0C91A1FD3DB0748BFB5
:1077E00000F8012D28BF20F8022D130030B41446F4
:1077F0001546103928BF20E93C00FAD8490728BFB0
:1078000020E90C0048BF40F8042D890028BF20F86B
:10781000022D48BF00F8012D30BC7047C91818BFB1
:1078200000F8012DCB0728BF00F8012D704750F854
:10783000041B61B150F8042BD30744BFA9F1010325
:107840009A180023091F42F8043BFAD1EFE770476A
:1078500080B54E203A49096860F307013848016055
:107860003848006830F00200364908603548006842
:1078700030F004003349086005203249096860F39C
:107880000611304801602F48006850F080002D49F3
:1078900008602B4800682C4909684860294800683E
:1078A0002949096808600F20FFF7A7FE01BD80B5D0
:1078B0002448006850F0020022490860214800680E
:1078C00030F004001F49086005201E49096860F374
:1078D00006111C4801601B48006850F080001949DF
:1078E0000860184800681849096808600F20FFF709
:1078F00084FE01BD80B54E201149096860F307017F
:107900000F4801600E4800680F49096848600F2061
:10791000FFF773FE00200D49087001BD80B54E20B1
:107920000749096860F307010548016004480068D9
:107930000549096848600F20FFF75FFE01BD0000A0
:10794000B0080020AC0800209C020020DE080020C7
:1079500010B50400FFF7CEFF200000F073F8207888
:1079600000F0C7F9F6E70021DFF8DC2311700021F1
:10797000DFF8D82311700021DFF8D4231170002123
:10798000017000214170002181700021C17000212F
:10799000017200214172002181720021C172002117
:1079A000017300214173012181740021C174002100
:1079B000017500214175002181750021417100216F
:1079C0000171DFF89003007810F07F00DFF8841376
:1079D0000870DFF88003007810F0DF00DFF8741320
:1079E0000870DFF87003007810F0BF00DFF8641350
:1079F0000870DFF86003007810F0EF00DFF8541330
:107A00000870DFF85003007810F0F700DFF8441337
:107A10000870DFF84003007810F0FE00DFF8341340
:107A20000870DFF83003007810F0FB00DFF8241353
:107A30000870DFF82003007810F0FD00DFF8141361
:107A40000870704710B50400200000F0A8FA20006C
:107A500000F0EEFA200000F0DCFC200000F00EF850
:107A6000200000F0B7FD10BD10B504000C20DFF8B9
:107A7000E8120860200000F001F8F7E780B501790E
:107A8000012904D0022905D000F007F804E000F035
:107A900073F801E000F020F901BD38B50400207949
:107AA000002868D101202071AC482178032202FB14
:107AB000010000786073AA480068A061A848406887
:107AC000E061FF210022A64805682800FFF77CFE40
:107AD000207801280DD0052802D008281AD02EE0E1
:107AE000607B9F490968087002209D4909684870B9
:107AF00031E002209A4909680870607B984909685A
:107B0000487020789649096888704020944909682F
:107B1000487720E0022092490968087000209049C7
:107B200009684870607B8E490968887006208C4916
:107B30000968087101208A490968C8710BE00220B0
:107B4000874909680870607B854909684870207812
:107B50008349096888700322617B8148006801F0CD
:107B600000FC0020E0727E480168200001F07EFEEB
:107B70007C4802F010F931BD38B504000025FF2221
:107B80000121072001F0DDFC050074482178032263
:107B900002FB01004078A072607A012848D10020E1
:107BA00060726F484168200001F0F4FB01282FD17A
:107BB0002078062802D02078022808D1684840683A
:107BC000407A012801D1062000E002202070002028
:107BD0002072002060720020207360482178032208
:107BE00002FB01004078A0725C482178032202FB6E
:107BF0000100007860735A484168207801F05FF90D
:107C000001220021062001F09CFC022020712DE0C1
:107C1000EDB2002D03D1200000F029F826E06A1E05
:107C2000D2B20021072001F08CFC002020711DE061
:107C30003C214C4802F08EF8012817D1EDB2002DFE
:107C40000CD10020207200206072200000F00FF89C
:107C500000220021062001F074FC07E06A1ED2B267
:107C60000021072001F06DFC0020207131BD10B50E
:107C7000040020780B2804DA2078401C207020783B
:107C800002E00020207020782078072801D101220E
:107C900000E00022D2B20021072001F052FC20783F
:107CA000002805D0401F03D0801E012806D90BE014
:107CB00000212D48006802F0B6FB0AE002212A48A4
:107CC000006802F0B0FB04E001212748006802F0E0
:107CD000AAFB0020207110BD10B50400200001F0A7
:107CE00097FC6079042803DB00206071002020717C
:107CF00010BD10B50024C0B21C49086015480078BA
:107D0000C0B2C009C0B219494860184802F0D8FB97
:107D100010480078C0F34010C0B2002813D00D48BE
:107D2000007810F0DF000B490870FFF75BFC05E0FE
:107D30000F48E4B250F8240080470400E4B2022C5B
:107D4000F6D1FFF74BFC10BDDA080020D808002060
:107D5000D9080020F4070020C008002054B000001B
:107D600030B00000F80700208C02002080070020BF
:107D700004B2000000208049096808607E4800685D
:107D80000068C0F3C010002803D1B1207A49096807
:107D900048607A4800684068794908607848006817
:107DA00050F02C607649086075480068734909688E
:107DB000486072480068406871490860704800680F
:107DC00050F480706E4908606D48006850F40020DF
:107DD0006B4908606A48006850F001006849086013
:107DE00067480068654909684860644800684068F9
:107DF000C0F340000028F8D160480068406860493E
:107E000008605F48006850F400305D4908605C48D5
:107E100000685A4909684860584800684068C0F3DB
:107E200040400028F8D05548006840685449086030
:107E30005348006830F48030514908605048006869
:107E40004E49096848604D48006840684C490860E0
:107E50004B48006850F0787049490860484800680D
:107E600046490968486045480068C0684549086057
:107E700045F6AE104349096860F34F01414801607F
:107E8000404800683D490968C8603C48006840684F
:107E90003B4908603A48006850F0010038490860E2
:107EA00037480068354909684860344800684068C8
:107EB000C0F340000028F8D13048006840683049DD
:107EC00008602F48006850F0FA602D4908602C487F
:107ED00000682A49096848602848006840682849BD
:107EE00008602748006850F00400254908602448CD
:107EF00000682249096848602048006840682049B5
:107F000008601F48006850F001001D4908601C48C7
:107F100000681A4909684860184800684068C0F35A
:107F200040000028F8D115480068C068154908606D
:107F30001448006850F001001249086011480068B8
:107F40000E490968C86010480C49096808600B4868
:107F500000680068C008C000084909680860074850
:107F60000068006805490968086040F20310034989
:107F700009688860704700BF9C0200202C02002026
:107F8000B4080020B80800200001010010B504006A
:107F900009201B490860200000F001F8F8E738B517
:107FA00004000025002512E0164800781649EDB2BD
:107FB00011F83510884209D10020124908702000BC
:107FC0001149EDB211EBC501496888476D1CEDB24E
:107FD000072DE9D331BD704703200C4908700C48C8
:107FE000007810F0F7000A4908700020094908706D
:107FF0000020094908707047044800787047000065
:10800000C0080020DA080020A0AF0000A402002071
:10801000F4070020D8080020D908002010B504007B
:108020000A20DFF8B8130860200000F001F8F7E735
:1080300080B5DFF8AC130978002907D1DFF8A41365
:10804000096889B2007800F024F801E000F0B1F886
:10805000FF220121062001F074FA002802D000F06E
:10806000D1F815E0042000F039F9DFF87C1308603E
:10807000012000F033F9DFF870134860552000F05C
:108080002DF9DFF8641388600020DFF85C13C86006
:1080900001BD70B505000C0004210022DFF84C631F
:1080A0003000FFF791FBEDB20A2095FBF0F100FBE9
:1080B0001150C0B200F012F9CC490870EDB20A209C
:1080C00095FBF0F0C0B200F009F9C8494870C84803
:1080D00000680068000910F00C000C2842D1FFF77E
:1080E0008BFF03283ED1A4B2012094FBF0F1C9B26A
:1080F000102291FBF2F000FB1210C0B200F0EEF87B
:10810000BA490870A4B2102094FBF0F1C9B2102251
:1081100091FBF2F000FB1210C0B200F0DFF8B3499F
:108120004870A4B24FF4807094FBF0F1C9B21022F1
:1081300091FBF2F000FB1210C0B200F0CFF8AB4997
:108140008870A4B24FF4805094FBF0F1C9B21022B1
:1081500091FBF2F000FB1210C0B200F0BFF8A3498F
:10816000C87025E0EDB2002D13D1FFF745FF0328BD
:108170000FD10E2000F0B2F89C490870002000F0EA
:10818000ADF89A494870552000F0A8F897498870D2
:108190000EE0EDB2012D0BD196480078C0B2C009B7
:1081A000C0B2002804D0502000F098F88F498870A1
:1081B00070BD80B58A480078032810D1452000F0B2
:1081C0008DF88A490870532000F088F88749487074
:1081D00000208649887000208449C87011E004207E
:1081E00000F07CF881490870452000F077F87F495D
:1081F0004870442000F072F87C49887000207B4968
:10820000C87001BD10B5FFF7F7FE03283ED17448D2
:10821000007800283AD1764800680068000910F01C
:108220000C000C2821D1714881787048007800F04A
:108230004AF86D4908606D48C1786C48407800F094
:1082400042F869494860482000F048F804004C2092
:1082500000F044F82100C9B2C0B200F034F862491D
:10826000886000206049C8602CE0604800785E4962
:1082700008605E4840785C4948605C4880785A49AC
:1082800088605A48C0785849C8601BE000215748A8
:10829000007800F018F854490860002153484078ED
:1082A00000F011F85049486000215048807800F0F3
:1082B0000AF84D49886000214C48C07800F003F866
:1082C0004949C86010BD38B504000D0001F067FDD4
:1082D000C00700D42C002000C0B232BDC0B21028AC
:1082E00036DA4549C0B2072202FB00110978424A3A
:1082F000C0B2072303FB0022527851EA42113E4AE2
:10830000C0B2072303FB0022927851EA42013A4AA5
:10831000C0B2072303FB0022D27851EA8211364A09
:10832000C0B2072303FB0022127951EA0211324A3C
:10833000C0B2072303FB0022527951EA82012E4A80
:10834000C0B2072303FB0020807951EAC00043E05C
:108350002A49C0B2072202FB0011A1F2C711097815
:10836000264AC0B2072303FB0022B2F5E37212785B
:1083700051EA4211214AC0B2072303FB0022A2F2B4
:10838000C512127851EA42011C4AC0B2072303FB0E
:108390000022B2F5E272127851EA8211174AC0B295
:1083A000072303FB0022A2F2C312127851EA021142
:1083B000124AC0B2072303FB0022B2F5E172127821
:1083C00051EA82010D4AC0B2072303FB0020A0F24C
:1083D000C110007851EAC000C0B27047C008002048
:1083E000D908002002FF0500C0070020FC0700207C
:1083F00040020020F407002020AD000068AC00001F
:1084000010B504000B2067490860200000F001F857
:10841000F8E738B50400002500E06D1CEDB2022D30
:1084200007DA20786049EDB251F825108847002816
:10843000F3D0200000F06DF831BDC0B2002808D0A4
:108440005A48007810F00100002804D00020584954
:108450000870002070470320554908700120F9E793
:1084600080B5C0B201280AD002282FD004282DD010
:1084700006283BD0072849D0082847D047E0FF22EC
:108480000121022001F05DF802280FD0FF22012116
:10849000032001F056F8012803D100204449087058
:1084A00035E0122042490870012031E03F48007851
:1084B000C0F38000C0B2002803D000203C490870FF
:1084C000EEE712203A490870012021E03748007891
:1084D000C0F38000C0B2002803D0002034490870E7
:1084E00015E0132032490870012011E0FF2201211C
:1084F000032001F026F8022803D100202C4908703F
:1085000005E013202A490870012001E0FFE7002060
:1085100002BD38B5040025480078C0F3C000C0B2E1
:1085200000283ED06421234801F014FC012835D1F5
:108530001E48007810F0F7001C4908701C480078AD
:1085400000282ED000206070194800781A49087061
:10855000FF220121042000F0F4FF0100C9B2200035
:1085600000F08EFAFF220121052000F0EAFF1349F6
:108570002278072303FB02114979104A2378072543
:1085800005FB03229279104008430C492278072307
:1085900003FB0211C9780843E07002E0054801F0CE
:1085A000FAFB31BDC00800200CB20000F407002027
:1085B000D808002004080020D908002048AE000098
:1085C00010B504000D20DFF810150860200000F041
:1085D00001F8F7E710B50400200000F045F8DFF8D7
:1085E000FC04007800280AD00020DFF8F01408709E
:1085F0002100DFF8EC04007800F058F833E000F0D8
:1086000089FF002803D002280FD003D31EE000F01A
:1086100091FF28E000F08EFFDFF8C8040078002802
:1086200002D1200000F07AF81DE000F083FF6078AE
:1086300000280AD0DFF8AC040078002805D121001A
:10864000DFF89C04007800F031F80CE000F072FFD5
:108650006078002807D0DFF88C040078002802D169
:10866000200000F02DF810BD10B50400607800283F
:1086700017D10020A07000220021052000F061FF2A
:108680004FF4FA61DFF8600401F064FB01280CD1BB
:10869000DFF858042178072202FB0100C078E0705F
:1086A00003E0DFF8440401F076FB10BD80B5020062
:1086B0000800DFF83C14D2B251F82210884701BDFF
:1086C00038B504006078002827D0FF22012105205A
:1086D00000F037FF0100C9B2200000F0D1F9FF22FD
:1086E0000121052000F02DFFDFF800142278072378
:1086F00003FB02114979DFF8F4232378072505FBF2
:108700000322927910400843DFF8E0132278072310
:1087100003FB021189780843E07031BD38B50400CD
:108720006078002855D1DFF8CC03007850F00800BD
:10873000DFF8C0130870DFF8C0032178062202FBBF
:1087400001000078FF2803D1200000F083F880E0CA
:10875000DFF8A8032178032202FB01000078607093
:10876000FF220121052000F0ECFE0100C9B220002B
:1087700000F086F9DFF87C030078C0B2C009C0B20F
:10878000002801D0032000E00020DFF86C132278DD
:10879000062303FB0211405CA070FF22012105208B
:1087A00000F0CFFED1492278072303FB021149795B
:1087B000CE4A2378072505FB03229279104008430F
:1087C000CA492278072303FB021109780843E070A5
:1087D0003FE000206070FF220121052000F0B1FE83
:1087E0000100C9B2200000F04BF90020A070FF2268
:1087F0000121052000F0A5FEBC492278072303FBD8
:1088000002114979B94A2378072505FB0322927999
:1088100010400843B5492278072303FB0211497829
:108820000843E0700020AE490870B248007810F0AC
:10883000FE00B0490870AF48007810F0BF00AD49A5
:10884000087000220021012000F07BFE002000F0D3
:108850004DFE31BDA8490278062303FB0211497879
:10886000FF2903D101209D49087006E0A349027841
:10887000032303FB02114978417099480078401C9A
:1088800097490870704738B504009B482178062244
:1088900002FB01008078FF2803D101208F49087076
:1088A00032E096482178032202FB010000786070D4
:1088B00091482178062202FB01008078A070FF22F7
:1088C0000121052000F03DFE0100C9B2200000F0AA
:1088D000D7F8FF220121052000F033FE83492278DA
:1088E000072303FB02114979804A2378072505FBFA
:1088F00003229279104008437C492278072303FB26
:10890000021189780843E07075480078401C74496A
:10891000087031BD38B5040077482178062202FB83
:108920000100C078FF2803D101206C4908703CE0A9
:1089300072482178032202FB0100007860706D48C4
:108940000078C0B2C009C0B2002801D0002000E009
:10895000032069492278062303FB0211405CA070C2
:10896000FF220121052000F0ECFD0100C9B220002A
:1089700000F086F8FF220121052000F0E2FD5B49AE
:108980002278072303FB02114979584A23780725E7
:1089900005FB0322927910400843544922780723AB
:1089A00003FB021189780843E070012200210120B5
:1089B00000F0C7FD4A480078401C4949087031BDA5
:1089C00038B504004C482178062202FB01000079EA
:1089D000FF2803D101204149087032E0474821783F
:1089E000032202FB01008078607043482178062250
:1089F00002FB01000079A070FF220121052000F098
:108A0000A0FD0100C9B2200000F03AF8FF220121C8
:108A1000052000F096FD35492278072303FB02115B
:108A20004979324A2378072505FB032292791040C1
:108A300008432E492278072303FB02118978084353
:108A4000E07027480078401C2549087031BD10B5FA
:108A5000040029482178062202FB01004079FF2802
:108A60000AD0FF220121042000F06BFDC00706D5CB
:108A70002000FFF753FE02E02000FFF74FFE10BD7D
:108A800080B51A4A0078072303FB0020807960280C
:108A900010D011F14002D2B2C12A05DB0022002120
:108AA000052000F04EFD04E0D2B20021052000F0C8
:108AB00048FD0FE011F12002D2B2612A05DB00224D
:108AC0000021052000F03DFD04E0D2B20021052088
:108AD00000F037FD01BD0000C0080020D7080020CD
:108AE000D6080020D90800200008002048AE000069
:108AF00078B10000F40700209CAE000078B00000C0
:108B000070B504000D0016002878012805D02878DB
:108B1000022802D02878062811D1DFF8840A0068DC
:108B200001F0C3FC002814D0DFF8780AF6B20C215B
:108B300001FB0600007ADFF8701A087009E0DFF820
:108B4000640AF6B20C2101FB0600007ADFF8581A1D
:108B50000870042100222000FEF736FE2878012844
:108B600018D0C0F0998103285AD037D3052800F0D7
:108B70008B8068D3072800F0C480C0F0A580092846
:108B800000F02081C0F0EF800B2800F07081C0F071
:108B9000498181E1DFF8100A00782070DFF80C0AC3
:108BA0002978032202FB0100007860700620207300
:108BB0006878012801D1022000E0002050F08000F8
:108BC0006073DFF8EC090078A0736878E073E878E8
:108BD0006074A878A076402060776FE1DFF8C8095C
:108BE00000782070DFF8C4092978032202FB010015
:108BF000007860706878002801D1002000E0022031
:108C0000E070DFF8AC0900786071E878E0726878AD
:108C10006077012084F82700A87884F828004DE1C7
:108C2000DFF8840900782070DFF8800929780322B2
:108C300002FB01000078607068786071A878607746
:108C4000E878A0773AE1DFF8600900782070DFF873
:108C50005C092978032202FB010000786070DFF8CC
:108C6000500900786071E878E072687860770120D8
:108C700084F82700A87884F82800DFF83809A97854
:108C8000085C84F8360019E1DFF82009297803220E
:108C900002FB010000782070DFF80C09007860709A
:108CA0000620A0706878402110FB01F0DFF8001961
:108CB00009780843E07068782071E878E071FF2057
:108CC0006073A8782074F9E0DFF8DC080078207081
:108CD000DFF8D8082978032202FB010000786070D1
:108CE000DFF8CC08007860714020A072E878E0726C
:108CF00068786077012084F82700A87884F8280035
:108D0000DCE0DFF8A40800782070DFF8A0082978FC
:108D1000032202FB01000078607000220121002084
:108D200000F00FFCE070DFF890086978085C2071B3
:108D300068786071DFF878080078A071E87860756D
:108D4000042084F82000012084F82300002201215F
:108D5000012000F0F6FB50F0800084F83B00A8787A
:108D600084F83C00AAE0DFF840080078207000207A
:108D70006070DFF83808007EA070DFF840080078E7
:108D8000FF280AD0DFF834080078401CDFF82C18E0
:108D90000870DFF82808007806E00020DFF81C18CB
:108DA0000870DFF818080078E07000220121002028
:108DB00000F0C7FB2071687860710120E071E878ED
:108DC00020747BE0DFF8E00700782070DFF8DC0734
:108DD0002978032202FB01000078607006202073CE
:108DE0006878012801D1022000E0002050F08000C6
:108DF0006073DFF8BC070078A0736878E073E878E8
:108E00006074A878A076402060776878002801D048
:108E1000012000E00020800084F82700042084F86E
:108E200033004BE0DFF8800700782070DFF87C0724
:108E30002978032202FB0100007860700020607135
:108E40006878A071E87860750220A07568780028BD
:108E500001D1002000E010202076012084F82400B9
:108E6000002084F82500A87884F8260026E0DFF8A2
:108E7000380700782070DFF834072978032202FBD6
:108E8000010000786070687860714020E072A87816
:108E9000E076E878207711E0DFF80C0700782070A2
:108EA000DFF808072978032202FB010000786070D0
:108EB0000020A070AA20E0705520207170BD10B570
:108EC0000C00C0B2012817D0C0F04C81032872D02A
:108ED0003FD3052800F0848058D3072800F0958000
:108EE00037D3092800F0CF80C0F0B3800B2800F002
:108EF0002481C0F0F58035E12078DFF8C4160870D1
:108F0000E078DFF8C01608702079DFF8BC1608702A
:108F1000A079C0B242090021022000F012FBA27B1E
:108F20000021032000F00DFBE27B0021042000F073
:108F300008FB207A617A51EA0020DFF89016088059
:108F4000DFF884060178DFF87C06007800F05FFA2D
:108F50000BE12078DFF868160870A078DFF8641657
:108F60000870E078DFF8601608706079C0F341029D
:108F7000D2B20021032000F0E4FADFF84C060178B9
:108F8000DFF84006007800F075FAEEE02078DFF8B0
:108F900030160870A078DFF82C160870E078DFF83B
:108FA00028160870DFF820060178DFF81806007828
:108FB00000F02DFAD9E02078DFF804160870A078C8
:108FC000DFF800160870E078DFF8FC150870DFF8AD
:108FD000F8050178DFF8EC05007800F030FAC4E01D
:108FE0002078DFF8DC150870E078DFF8D815087015
:108FF0002079DFF8D4150870DFF8CC050178DFF8A8
:10900000C405007800F003FAAFE02078DFF8B0156F
:1090100008702079DFF8AC1508706079DFF8A815C2
:109020000870A07AC0B202090021032000F089FA7A
:10903000627E0021042000F084FADFF88C050178BC
:10904000DFF88C05DFF87C251278105C00F0DFF982
:109050008BE02078DFF868150870A079DFF86415D8
:109060000870E079DFF860150870627E0021042046
:1090700000F067FADFF850050178DFF8480500785E
:1090800000F0DDF971E02078DFF834150870E07841
:10909000DFF8301508702079DFF82C150870A079FA
:1090A000C0B242090021022000F04BFAA27B00214D
:1090B000032000F046FAE27B0021042000F041FA90
:1090C000207A617A51EA0020DFF800150880DFF885
:1090D000F8040178DFF8EC04007800F098F944E037
:1090E0002078DFF8DC140870A079DFF8D814087055
:1090F000E079DFF8D4140870A079C0B242090021E9
:10910000022000F01EFAA27B0021032000F019FAD1
:10911000E27B0021042000F014FA207A617A51EAFF
:109120000020DFF8A8140880DFF89C040178DFF83D
:109130009404007800F06BF917E02078DFF88014D1
:109140000870A078DFF8801408702079DFF87414B4
:109150000870DFF874040178DFF86804007800F024
:109160006EF902E0200001F0CDF910BD10B4DFF877
:109170003434D2B20C2404FB0232127A0270DFF8CB
:109180002C240978032303FB01210978417046212F
:10919000C1704321017154214171DFF838140978FD
:1091A000C1F380118171DFF82414898889B2090A1A
:1091B000C171DFF81814898801720621017510BC8D
:1091C0007047C8790A7A52EA0020DFF800245080FC
:1091D000487B897B51EA0020DFF8FC130880704748
:1091E00010B4DFF8C033D2B20C2404FB02331B7A74
:1091F0000370DFF8B8330978032404FB01310978E0
:109200004170DFF8B8130978FF290AD0DFF8AC13F2
:109210000978491CDFF8A4331970DFF8A013097826
:1092200006E00021DFF894331970DFF89013097815
:1092300081704621C1704321017154214171DFF8D1
:109240009C1309788171DFF894130978012901D101
:10925000002109E0DFF884130978491CDFF87C332A
:109260001970DFF878130978C171DFF86013098885
:10927000DFF85833DB88994201D1012100E0002159
:109280000172DFF85C1309680902090A4901DFF875
:1092900054335958012901D1012100E000214172C4
:1092A000DFF844130978012901D1062100E01521D6
:1092B0000175017D062907D10021DFF82C331970D3
:1092C000DFF82413097800E00021C049098889B239
:1092D000090A4175BD4909888175BF49098889B264
:1092E000090A80F82D10BC49098880F82E10AD4974
:1092F000D2B20C2303FB0211497A80F82F1010BC64
:10930000704780B58878B94A10708879B34A107070
:10931000087A497A51EA0020AC49C880B3480078FD
:1093200000F0E7F801BD10B400230022002400245F
:1093300000230EE092B2047894EA1224401C120238
:10934000A4B294EA1414624064016240E4016240F1
:109350005B1CDBB2C9B28B42ECD3100080B210BCF4
:10936000704770B504000D0016000020E91EC9B258
:109370002000FFF7D8FF80B2010AEDB22A1902F8E7
:10938000031CEDB2291901F8020CEDB2281900F8FE
:10939000016C70BD38B504000D000020A07A4019A2
:1093A00010F8020CA17A491911F8031C51EA0020A7
:1093B000E081A07AC11EC9B22800FFF7B4FF208265
:1093C000E089218A884203D10120022121711CE019
:1093D000A07A401910F8030CA17A491911F8021C5F
:1093E00051EA0020E081A07AC11EC9B22800FFF72F
:1093F0009AFF2082E089218A884203D1012002213C
:10940000217102E0002000212171C0B232BD784AF2
:109410001278002A12D10122754B1A70754A1278FF
:10942000C9B291420AD0C0B2652803D10020704968
:10943000087003E06F4A11706F49087070476C4AFA
:109440001278002A15D1C0B2012802D0C0B2022879
:109450000CD16A4A1278C9B2914207D00122644BFA
:109460001A70664A11706449087002E0002062496F
:1094700008707047C9B2002903D10022604B1A70EE
:1094800018E0C9B2002907D05D4A1278002A03D13A
:109490004A1E5B4B1A700DE0C9B2594A12788A1AFB
:1094A000022A04DA564A1278C9B2914202D24A1EFE
:1094B000534B1A704E4A1278002A16D1C9B2504A3C
:1094C0001278521C91420DD1C0B200280AD001215D
:1094D000474A11704A490978491C494A117046495E
:1094E000087002E000204449087070472E49087057
:1094F000704744490978C0B288420AD0414908708F
:109500000120394908703348007850F04000314953
:109510000870704780B538480078002808D064216A
:10952000394800F017FC012802D13348007800E0E8
:10953000002002BD00203049087000202C4908702E
:109540007047C0B2082801DB002027E0C9B200291B
:109550000AD1D2B21100C9B251EA02212B4AC0B2DB
:1095600022F81010012019E0C9B2012915D12749AC
:10957000C0B231F8101089B2090A244AC0B232F8D8
:109580001020C9B2D2B2914205D12049C0B231F8FF
:109590001000C0B202E0002000E000207047000090
:1095A0008C02002030B00000E708002054B000001A
:1095B000D90800200002002014020020E608002044
:1095C000E1080020E2080020E3080020E007002076
:1095D00000000020F4070020D4080020E408002048
:1095E000400200200C000042E8080020E5080020AE
:1095F000E0080020E9080020DF080020EA08002039
:10960000EB080020EC08002010080020D007002004
:1096100038B5040000251BE0EDB22819807C012834
:1096200015D1A575DFF89C03EDB20C2101FB0500F7
:109630000068A061DFF88C03EDB20C2101FB05008E
:109640004068E0612900C9B2200000F005F86D1CF7
:10965000EDB2032DE0DB31BD38B504000D00DFF8BD
:1096600068032178032202FB01008178DFF85C03A4
:1096700000F070FB012808D12900C9B22000DFF8F2
:109680005023EDB252F835209047EDB2022D10D1A3
:10969000D048007801280BD10020CE49087029005D
:1096A000C9B22000CA4AEDB212EBC5025268904717
:1096B0001DE0607A012810D12900C9B22000C44AF7
:1096C000EDB212EBC5025268904700206072002094
:1096D0006071C14800F05FFB09E04FF49671BE482D
:1096E00000F038FB012802D16079401C607131BD67
:1096F00038B504000D000020E072002020722A001E
:10970000D2B22100AF48EDB20C2303FB0500006884
:10971000FFF7F6F9AB48EDB20C2101FB0500427AE8
:10972000A9482178032303FB01000178A548EDB285
:109730000C2303FB05000068FFF713FEA148EDB200
:109740000C2101FB05000168200000F08FF831BDFD
:1097500010B504009B48C9B20C2202FB010041680D
:109760002078FFF7ACFB974841682000FFF712FE16
:1097700010BD38B504000D000020E07200202072FA
:109780002A00D2B221008F48EDB20C2303FB050062
:109790000068FFF7EBFC8B48EDB20C2101FB0500E4
:1097A000427A89482178032303FB01000178854828
:1097B000EDB20C2303FB05000068FFF7D2FD8148E2
:1097C000EDB20C2101FB05000168200000F04EF80D
:1097D00031BD80B57B4AC9B20C2303FB0121496826
:1097E0000078FFF7EEFC01BD38B504000D00002045
:1097F0007A49087000207A4908702A00D2B2210004
:109800007048EDB20C2303FB05000068FFF7E8FC8D
:109810006C48EDB20C2101FB05000168200000F04E
:1098200093F831BD80B5674AC9B20C2303FB01210F
:1098300049680078FFF765FD01BD80B5C9B201290F
:1098400008D16049827D0C2303FB0211496800F0B6
:109850001FF80AE0C9B2022907D15A49827D0C23B8
:1098600003FB0211096800F001F801BD80B5C27A5E
:10987000437B9A4209D2C27A531CC372D2B2515C62
:109880005848006800F00EFE01E00021C17201BDE1
:1098900038B504000D00207AA17A88423AD2607A65
:1098A000002837D14F48006800F0FFFD217A485565
:1098B0002878022818D02078062802D12878552840
:1098C00012D02078002802D12878AA280CD020783D
:1098D000012802D12878AA2806D02078052819D195
:1098E0002878A17A884215D1207A401C2072207AEB
:1098F000A17A884209D301206072002020720622DA
:1099000000210020FFF71DFE04E0152200210020A9
:10991000FFF717FE31BD80B5C9B2012908D1294929
:10992000827D0C2303FB0211496800F028F80AE04D
:10993000C9B2022907D12349827D0C2303FB0211FE
:10994000096800F001F801BD10B5244A12781E4BD9
:109950000078032404FB0030007882420BD21F48B9
:109960000078421C1D4B1A70C0B2415C1E48006852
:1099700000F098FD02E000201849087010BD38B5CD
:109980000C0011490078032202FB0010407860703F
:10999000134800786178884212D211480578681C13
:1099A0000F4908701048006800F07FFDEDB228559F
:1099B0000B4800786178884202D30120054908707D
:1099C00031BD000030B0000054B000001408002089
:1099D00060B10000EF08002018080020ED0800200A
:1099E000EE0800208C0200209402002080B500F0D8
:1099F0001AF900F03EF900F074F900F082F901BDA7
:109A000080B5DFF8A0030088022190FBF1F202FB91
:109A10001102002A03D100F04DF800F071F801BDE9
:109A200080B5DFF880030088142190FBF1F201FB80
:109A30001200002801D100F087F901BDDFF86403AE
:109A400000884FF47A7190FBF1F201FB12000028BC
:109A50001AD1DFF854030068401CDFF84C1308608B
:109A60000020DFF840130880DFF83C0300680A2874
:109A700007D30020DFF830130860DFF82C030068FC
:109A800002E0DFF824030068704710B5DFF8140324
:109A90000088401CDFF80C130880002406E0DFF883
:109AA0000C03E4B250F824008047641CE4B2042C98
:109AB000F5D310BD80B500F045F8DFF8F40200786A
:109AC00003280ADADFF8E8020078401CDFF8E01229
:109AD0000870DFF8DC02007806E00020DFF8D01222
:109AE0000870DFF8CC020078DFF8C402007800F0DC
:109AF00015F8DFF8BC020078DFF8B812087001BD75
:109B000080B50020DFF8B002DFF8A812097850F81D
:109B1000210080B200F00FF801BD00000121D0F15A
:109B2000030011FA00F0DFF894120968086000BF22
:109B300000BF00BF704710F07F00DFF88412096893
:109B40000860704700200020DFF8741209680902DD
:109B5000090A490111F1844108600020DFF8601210
:109B600009680902090A4901DFF85822505000200B
:109B7000DFF84C1209680902090A4901DFF8482296
:109B800050500020DFF8381209680902090A49011B
:109B9000DFF8382250500020DFF82412096809024B
:109BA000090A4901DFF8282250500020DFF810127E
:109BB00009680902090A4901DFF8182250500020FB
:109BC0007F4909680902090A4901DFF80C2250504F
:109BD00000BF00BF00BF0020784909680902090AD8
:109BE00049017A4A50500020744909680902090A5B
:109BF0004901754A50500020704909680902090A54
:109C00004901704A505000206C4909680902090A4C
:109C1000490111F184410860002000E0401CC0B2FD
:109C20000F28FBDB70476D480078401C6B490870BB
:109C30006A4800780B280CDA69480078C0F34000C5
:109C4000C0B2684909680902090A49015E4A5050D0
:109C500007E00020634909680902090A49015A4AD4
:109C600050505E480078282802D100205B490870D7
:109C700070475C4800680068C0F30310002829D0D2
:109C800059480088B0F57A6F2ADA57480088401C96
:109C9000554908805448008877280AD153480078ED
:109CA000504909680968C1F3031108434F49087016
:109CB00016E04D48008840F69F71884210D14B480D
:109CC000007848490968096811F0F00108434749DC
:109CD000087005E0002045490870002042490880CE
:109CE0007047374800680002000A400140490858A0
:109CF000012805D13A48007850F001003849087031
:109D00007047384800680002000A40012F4908588F
:109D100001280CD13248007850F004003049087016
:109D20002F48007850F002002D4908700BE02C48B5
:109D3000007810F0FB002A4908702948007810F0DC
:109D4000FD002749087070472A4800680A302949F1
:109D50000860704710B40022264A136802689342D4
:109D600007D302689A1A8A4201D301220BE000222B
:109D700009E05FF0FF320468121B9A188A4201D38F
:109D8000012200E00022D2B2012A00D103601000BB
:109D9000C0B210BC7047174909680160704702489B
:109DA00000687047D00800200C0800208CB100002B
:109DB000DC080020DB080020C0070020380200205B
:109DC0003002002004000042080000420C00004263
:109DD000100000421400004218000042DD0800207C
:109DE000F407002040020020D2080020DA080020FA
:109DF0001C0000420808002080B5DFF868160968DA
:109E000049084900DFF85C261160DFF85816096838
:109E1000DFF8542612681160DFF850160968090A45
:109E20000902DFF848261160DFF84416096849087E
:109E30004900DFF83C261160DFF83416096831F07C
:109E40000201DFF82C261160DFF82416096831F0D2
:109E50002001DFF81C261160DFF81416096831F0C4
:109E60004001DFF80C261160DFF80416096831F4B0
:109E70004071DFF8FC251160DFF8F415096831F452
:109E80008061DFF8EC251160DFF8E415096831F432
:109E9000E041DFF8DC2511600121DFF8D8251268E8
:109EA00061F30102DFF8CC150A600221DFF8C42556
:109EB000126861F38302DFF8BC150A60DFF8B4159D
:109EC000096831F01001DFF8AC251160DFF8A41546
:109ED000096851F02001DFF89C251160DFF8941526
:109EE000096831F04001DFF88C251160DFF8841536
:109EF000096831F08001DFF87C251160DFF8781502
:109F0000096851F00101DFF870251160DFF868156C
:109F1000096831F00201DFF860251160DFF858159B
:109F2000096831F00401DFF850251160DFF84815A9
:109F3000096831F00801DFF840251160DFF83815B5
:109F4000096831F01001DFF830251160DFF82C15B9
:109F5000096889088900DFF824251160DFF81C15DD
:109F6000096831F04001DFF814251160DFF80C15A5
:109F7000096851F08001DFF804251160DFF8001551
:109F8000096889088900DFF8F8241160DFF8F01407
:109F9000096831F04001DFF8E8241160DFF8E014CF
:109FA000096831F08001DFF8D8241160DFF8D0149F
:109FB000096831F48071DFF8C8241160DFF8A41457
:109FC000096851F00101DFF89C241160DFF8941456
:109FD000096831F00201DFF88C241160DFF8A41465
:109FE000096849084900DFF89C241160DFF89414DF
:109FF000096831F00E01DFF88C241160DFF8841459
:10A00000096851F01001DFF87C241160DFF8741446
:10A01000096831F06001DFF86C241160DFF8641426
:10A02000096831F08001DFF85C241160DFF8581412
:10A03000096851F08001DFF850241160DFF84814FE
:10A04000096889088900DFF840241160DFF83814B6
:10A05000096851F00401DFF830241160DFF828149A
:10A06000096831F00801DFF820241160DFF81814C6
:10A07000096831F01001DFF810241160DFF80C14CA
:10A08000C0B2415CDFF80824126861F30302DFF814
:10A0900000140A600221DFF8F823126861F3051248
:10A0A000DFF8EC130A60DFF8E813096851F04001AB
:10A0B000DFF8DC231160DFF8DC13C0B2405CDFF8AE
:10A0C000D813096860F30301DFF8CC030160DFF8FF
:10A0D0009C030068DFF8901309684860DFF8840388
:10A0E0000068DFF8841309680860DFF884030068FB
:10A0F000DFF8741309688860DFF878030068DFF818
:10A1000068130968C860DFF888030068DFF858132F
:10A1100009680861DFF880030068DFF84C130968FC
:10A120004861DFF860030068DFF83C130968886164
:10A13000DFF854030068DFF830130968C861DFF8FE
:10A140003C030068DFF8201309680862DFF8300379
:10A150000068DFF8141309684862DFF81C03006820
:10A16000DFF8041309680863DFF8FC02006800F0F8
:10A170009CF9DFF8F4020068C069C0F38010002881
:10A18000F2D101BD704780B5B64909684908490058
:10A19000B44A1160B3490968DFF8002312681160FE
:10A1A000B2490968090A0902B04A1160B049096850
:10A1B00049084900AE4A1160AD49096831F0020111
:10A1C000AB4A1160AA49096831F02001A84A116020
:10A1D000A749096831F04001A54A1160A4490968FE
:10A1E00031F44071A24A1160A149096831F48061DB
:10A1F0009F4A11609E49096831F4E0419C4A116010
:10A2000001219C4A126861F301029A490A60022105
:10A21000984A126861F3830296490A609549096871
:10A2200031F01001934A11609249096851F0200100
:10A23000904A11608F49096831F040018D4A1160E0
:10A240008C49096831F080018A4A11608A4909689D
:10A2500051F00101884A11608749096831F0020113
:10A26000854A11608449096831F00401824A11600D
:10A270008149096831F008017F4A11607E49096807
:10A2800031F010017C4A11607C4909688908890015
:10A290007A4A11607949096831F04001774A1160C2
:10A2A0007649096851F08001744A1160744909685F
:10A2B00089088900724A11607149096831F04001CA
:10A2C0006F4A11606E49096831F080016C4A116073
:10A2D0006B49096831F48071694A11606149096804
:10A2E00051F001015F4A11605E49096831F00201D5
:10A2F0005C4A11606349096849084900614A116074
:10A300006049096831F00E015E4A11605D490968D3
:10A3100051F010015B4A11605A49096831F060013F
:10A32000584A11605749096831F08001554A116057
:10A330005549096889088900534A116052490968DA
:10A3400051F00401504A11604F49096831F0080189
:10A350004D4A11604C49096831F010014A4A1160B8
:10A360004A49C0B2415C4A4A126861F30302484953
:10A370000A600221464A126861F3051244490A60E4
:10A380004349096851F04001414A11604149C0B256
:10A39000405C4149096860F303013F48016033486C
:10A3A00000683E49096848602E4800683B490968D2
:10A3B00008602F4800683949096888602D4800689E
:10A3C00036490968C860324800683449096808613C
:10A3D000314800683149096848612A4800682F49B6
:10A3E00009688861284800682C490968C8612348C1
:10A3F00000682A49096808622148006827490968F5
:10A4000048621D48006825490968086323480068B8
:10A4100000F04BF821480068C069C0F380100028A4
:10A42000F4D101BD704780B5002200E0521C1C4BE6
:10A43000D2B253F832309842F8D10800C0B218496D
:10A44000D2B211EBC2014968884701BD80B5002135
:10A4500005480068FFF7E7FF012110480068FFF793
:10A46000E2FF01BD500800208C02002054080020AB
:10A47000580800205C0800207808002070080020A0
:10A4800074080020680800206C0800201CB200003E
:10A490006008002020B20000640800209402002020
:10A4A000E0010020C9B2416070474068C0B2704707
:10A4B000DFF800F001010020DFF800F05301002078
:10A4C00038B504004FF48071FF220D4D2800FDF7D0
:10A4D0007BF920680A49086060680949486031BD15
:10A4E00080B55FF4C020FFF7E3FF012002BD80B517
:10A4F00003495FF4C020FFF7DFFF022002BD000028
:10A50000A802002010B50021C9B20A5C274BC9B2CD
:10A51000CB5C9A4224D1491CC9B22029F4D1002035
:10A52000006800F01FF84FF6FF7000F01FF80020E1
:10A530001F4908600F20FDF760F840F2FA5060F301
:10A540001F441C480068D0F80C0DC0F3022060F3D3
:10A550000A2454F0040417480068C0F80C4DFEE7C4
:10A5600010BD000080F308887047704780B24FF636
:10A57000FF7188420CD144200F4908704F200F49C9
:10A5800008704C200E4908704F200E4908700BE0EF
:10A590000020094908700020084908700020084977
:10A5A00008700020074908707047000010B10000D3
:10A5B00008ED00E028020020037F0020027F002039
:10A5C000017F0020007F002080B500F068F800F0D7
:10A5D000A7F8002008E00021DFF850231268C0B27D
:10A5E000821882F80014401CC0B2F028F3DB00206F
:10A5F000DFF838130968C1F8040D4FF48040DFF824
:10A600002C130968C1F8080D0020DFF82013096831
:10A6100081F8180D0020DFF81413096881F8190D6E
:10A620000020DFF80813096881F81A0D0020DFF810
:10A63000FC12096881F81B0D0020DFF8F012096890
:10A6400081F81C0D0020B949096881F81D0D002012
:10A65000B649096881F81E0D0020B449096881F8DF
:10A660001F0D0020B149096881F8200D0020AF4975
:10A67000096881F8210D0020AC49096881F8220D94
:10A680000020AA49096881F8230D0020A74909681C
:10A69000C1F8240D0020A5490968086101BD00200A
:10A6A000A349096848610120A1490968486102205D
:10A6B0009F490968486103209D4909684861042051
:10A6C0009B49096848610520994909684861062045
:10A6D0009749096848610720954909684861082039
:10A6E00093490968486109209149096848610A202D
:10A6F0008F49096848610B208D49096848610C2021
:10A700008B49096848610D208949096848610E2014
:10A710008749096848610F20854909684861704781
:10A720008448006840084000824908608148006809
:10A7300030F070007F4908607E48006830F4807017
:10A740007C4908607B48006830F4E0407949086043
:10A750007848006830F480307649086075480068B1
:10A7600030F4E000734908607248006830F080708F
:10A77000704908606F48006830F0E0406D4908603B
:10A780006D480068400840006B4908606A480068EE
:10A7900030F07000684908606748006830F48070E5
:10A7A000654908606448006830F4E0406249086028
:10A7B0006148006830F480305F4908605E48006896
:10A7C00030F4E0005C4908605B48006830F080705D
:10A7D000594908605848006830F0E0405649086020
:10A7E00056480068400840005449086053480068D3
:10A7F00030F07000514908605048006830F48070B3
:10A800004E4908604D48006830F4E0404B4908600C
:10A810004A48006830F4803048490860474800687A
:10A8200030F4E000454908604448006830F080702A
:10A83000424908604148006830F0E0403F49086004
:10A840003F480068400840003D4908603C480068B7
:10A8500030F070003A4908603948006830F4807080
:10A86000374908603648006830F4E04034490860F1
:10A870003348006830F4803031490860304800685F
:10A8800030F4E0002E4908602D48006830F08070F8
:10A890002B4908602A48006830F0E04028490860E9
:10A8A0002448006822490968086223480068204952
:10A8B00009684862214800681D4909688862204883
:10A8C00000681B490968C86270475FF0FF3017498C
:10A8D0000968C1F880025FF0FF3014490968C1F8C7
:10A8E00084025FF0FF3011490968C1F888025FF007
:10A8F000FF300E490968C1F88C025FF0FF300B4948
:10A900000968C1F890025FF0FF3008490968C1F892
:10A9100094025FF0FF3005490968C1F898025FF0C2
:10A92000FF3002490968C1F89C02704728020020E4
:10A930002C0200201C0800202008002024080020F1
:10A94000280800207047704770477047704781B0F3
:10A950007048006830F040006E4908606D4800683B
:10A9600050F080006B4908606B48006850F00100AF
:10A97000694908606848006850F00400664908604A
:10A9800066480068000C0004644908606448006878
:10A99000000C00046249086062480068000C000472
:10A9A0006049086040F6A6605F49096860F30F01DE
:10A9B0005D4801605D48006850F001005B49086037
:10A9C0005A48006830F0020058490860574800684B
:10A9D00050F00400554908605548006850F00300E5
:10A9E000534908605248006830F00400504908603C
:10A9F0004F48006830F008004D4908604C48006836
:10AA000030F010004A4908604948006830F02000E2
:10AA10004749086002204749096860F30201454838
:10AA200001604448006850F008004249086041480D
:10AA3000006830F030003F4908603E48006850F040
:10AA400040003C4908603B48006830F080003949CC
:10AA500008603948006840084000374908603648B7
:10AA6000006830F00200344908603348006830F074
:10AA70000800314908603048006830F020002E4955
:10AA800008602D48006830F080002B49086021489C
:10AA900000682A49096808601F4800682749096852
:10AAA0004860254800682549096888602148006891
:10AAB00022490968C8601E48006820490968086181
:10AAC0001F4800681D4909684861184800681B490B
:10AAD000096888611B48006818490968C8611148FD
:10AAE00000681649096808620F4800681349096838
:10AAF00048620A4800681149096888620848006885
:10AB00000E490968C8620D48006840698DF8000068
:10AB100001B070477C08002080080020A4080020B5
:10AB2000A80800209C080020A0080020940800200D
:10AB30008C0800208808002084080020780200206B
:10AB400090080020980800207047704770477047B1
:10AB500080B5FFF7F7FEFFF7F6FEFFF7F5FEFFF70C
:10AB6000F4FEFFF7F3FEFFF7F2FEFFF7EDFFFFF74E
:10AB7000ECFFFFF7EBFFFFF7EAFF01BD816807E09D
:10AB800002681168536889185B18C3600832026054
:10AB9000C2689142F4D04A1C8260087870472DE95F
:10ABA000FF4D00F10801009100270268520801EBF7
:10ABB000C2010191B8460021029103910168490840
:10ABC00000EBC101406800F0010501F108044008F4
:10ABD00004EBC00631E000A8FFF7D0FF4FFA80FA7F
:10ABE0000AE000980168081800990290496808185E
:10ABF0000390009808300090029803998842F0D0A2
:10AC0000401C029010F801BD47450CD1B44208BF6A
:10AC100000F01DF8276805B14F44606800EB070895
:10AC200008344745F2D0BAF1000F07F801BB0AD546
:10AC30001AF1010AE8D14745CDD1B442CBD1304613
:10AC400004B0BDE8F08DBAF1010AD5D5F3E70120D3
:10AC500000F000B880B5C046C046024A1100182076
:10AC6000ABBEFBE72600020001010101010100006B
:10AC700001000101010101010000010001000001CA
:10AC800001010101010100010100010101000101B7
:10AC900000000101000100010100010101010100AA
:10ACA000000001000001000100010000010100009E
:10ACB0000000000000000100000100010000000091
:10ACC000000000000000010101000000000101017E
:10ACD0000101010101010000010101010001000069
:10ACE000010001010000010100010001010001005B
:10ACF000010100010001010001010100000000014B
:10AD00000101000000000000000000000000000041
:10AD10000000000000000000000000000000000033
:10AD2000010101000101010000010000010001001A
:10AD30000101010001010001010001010001010107
:10AD400000010001010001000101010100010101F8
:10AD500001010001000001000101010101010101E7
:10AD600001010100010101010101010100000100D7
:10AD700001010101010100000100010000010101C8
:10AD800001010101010101000101010001010000B7
:10AD900080B515480078401C1349087012480078A7
:10ADA000052802DBFCF783FD01E0FCF7B7FD01BDE0
:10ADB00080B501210D48FEF740FD01BD80B502219F
:10ADC0000A48FEF73AFD01BD80B5FEF75EFE01BD03
:10ADD00080B501210548FEF79EFD01BD80B5022129
:10ADE0000248FEF798FD01BDDE080020A007002004
:10ADF000EFF30980BFF36F8F114B1A6820E9F00F52
:10AE0000106008B54FF0600080F31188BFF34F8FDA
:10AE1000BFF36F8FFCF729FA4FF0000080F3118821
:10AE2000BDE8084019680868B0E8F00F80F30988A9
:10AE3000BFF36F8F4FF00602024B1A60704700BFDE
:10AE4000F8710020C0080020000000000000000091
:10AE500003010F1100C0010402000F806002090D00
:10AE6000001120C00003010D1000600003010F114C
:10AE700000C0010402000F80C0010402000500C0F0
:10AE8000030402000500C00003010F1100C0030409
:10AE900000000500C002090D001100C0FFFFFFFF08
:10AEA000FFFF00FFFF0B0D00FF01020312FF1FFF5A
:10AEB000151FFFFF00FF020304FF00FFFF01FFFF5C
:10AEC000FF01020312FF00FFFF0BFFFF00FFFF0166
:10AED000FFFF00FFFF0B0D0000FFFFFF06FF1FFF3E
:10AEE000151FFFFF0600000004000000070000001F
:10AEF000040000001B000000050000002800000006
:10AF0000060000002900000006000000FBFFFFFF14
:10AF100002000000FFFFFFFF07000000FEFFFFFF31
:10AF200007000000EFF3148040F0010080F3148864
:10AF3000BFF36F8F094B19680868B0E8F00F80F312
:10AF40000988BFF36F8F4FF0000080F311886FF016
:10AF5000020E4FF00502024B1A607047F871002094
:10AF6000C008002080B500200C490860FCF73AFBBF
:10AF7000FFF72AFBFCF76CFCFBF7F8FBFFF7E8FD9B
:10AF8000FFF764FAFCF741FBFCF762FBFFF79DFC5F
:10AF9000FCF724FB01200149086001BDC008002026
:10AFA00000000000D77F000001000000D97F0000F2
:10AFB00002000000D97F000004000000D97F0000DB
:10AFC00008000000D97F000080000000D77F00004B
:10AFD00020000000D77F000080B509484088FFF7B7
:10AFE000C5FA4FF480400068FFF7BCFAFFF7BAFFDC
:10AFF0000448FBF7FAFF0348FCF70BF901BD00BF5B
:10B0000000FF0500A007002010B50749794418315A
:10B01000064C7C44163404E00A68081D5118884721
:10B020000146A142F8D110BD98000000E4000000E4
:10B03000A8030020A806002002030000A8040020A6
:10B04000F0060020AA550000A805002038070020BF
:10B05000AA55000008203C3016463C123C4F0E3CDE
:10B060003C133C1D11463C123C79333CFD363C53AD
:10B070001B3C3C285047193CFFFFFF01FF010A120F
:10B080000A06FF0603FF0301FF010A120A09FF096E
:10B0900006FFFF01FF0106FF0606FF064EF6885178
:10B0A000CEF20001086840F470000860BFF34F8FD3
:10B0B000BFF36F8F4FF00070E1EE100A7047000091
:10B0C0006FC7FFFF4C060000A802002054010000DB
:10B0D000A870002000000000C7FAFFFF0200000077
:10B0E00002000000AC020000A001000000000020EF
:10B0F000A5020000ABFAFFFF020000000200000002
:10B10000300400006F00000000700020A800000064
:10B11000AA20444F4C4F0000000000000000000037
:10B120000000000000000000000000000078DD5575
:10B1300000F00BF8002801D0FFF766FF0020C046A2
:10B14000C046FFF749FF00F002F80120704700F009
:10B1500001B8000007463846FFF77CFDFBE700001A
:10B16000F19600005197000073970000D3970000FC
:10B17000E9970000259800005588000087880000A6
:10B1800015890000C18900004F8A0000ED99000078
:10B19000019A0000219A00003D9A0000504C415451
:10B1A000464F524D434F4D4D00000000014880472F
:10B1B00001480047A9740000F9B1000054696D65A9
:10B1C000725461736B0000004552524F5243484520
:10B1D000434B00004A49474B45595343414E0000F9
:10B1E0004C514350524F4345535300005461736BCD
:10B1F00049444C4500000000C046C046FFF74EFFE2
:10B20000FFF796FFE1A40000EFA400003B840000DC
:10B2100061840000444953504C4159000C06010020
:10B220000C0E0F00FFF7FEBFFFF7FEBFFFF7FEBFDC
:10B23000FFF7FEBFFFF7FEBFFFF7FEBFFFF7FEBF42
:10B24000FFF7FEBFFFF7FEBFFFF7FEBFFFF7FEBF32
:10B25000FFF7FEBFFFF7FEBFFFF7FEBFFFF7FEBF22
:10B26000FFF7FEBFFFF7FEBFFFF7FEBFFFF7FEBF12
:10B27000FFF7FEBFFFF7FEBFFFF7FEBFFFF7FEBF02
:10B28000FFF7FEBFFFF7FEBFFFF7FEBFFFF7FEBFF2
:10B29000FFF7FEBFFFF7FEBFFFF7FEBFFFF7FEBFE2
:10B2A000FFF7FEBFFFF7FEBFFFF7FEBFFFF7FEBFD2
:10B2B000FFF7FEBFFFF7FEBFFFF7FEBFFFF7FEBFC2
:10B2C000FFF7FEBFFFF7FEBFFFF7FEBFFFF7FEBFB2
:10B2D000FFF7FEBFFFF7FEBFFFF7FEBFFFF7FEBFA2
:10B2E000FFF7FEBFFFF7FEBFFFF7FEBFFFF7FEBF92
:10B2F000FFF7FEBFFFF7FEBFFFF7FEBFFFF7FEBF82
:10B30000FFF7FEBFFFF7FEBFFFF7FEBFFFF7FEBF71
:10B31000FFF7FEBFFFF7FEBFFFF7FEBFFFF7FEBF61
:10B32000FFF7FEBFFFF7FEBFFFF7FEBFFFF7FEBF51
:10B33000FFF7FEBFFFF7FEBFFFF7FEBFFFF7FEBF41
:10B34000FFF7FEBFFFF7FEBFFFF7FEBFFFF7FEBF31
:10B35000FFF7FEBFFFF7FEBFFFF7FEBFFFF7FEBF21
:10B36000FFF7FEBFFFF7FEBFFFF7FEBFFFF7FEBF11
:10B37000FFF7FEBFFFF7FEBFFFF7FEBFFFF7FEBF01
:10B38000FFF7FEBFFFF7FEBFFFF7FEBFFFF7FEBFF1
:10B390000300000102810083007E70B50600324C7C
:10B3A000334D072033490860324800680728FBD135
:10B3B000B60BB60356F0BC46F020286000F050F8FB
:10B3C000AA2020605520286080202060AA202060CC
:10B3D000552028603020307000F042F800202449C9
:10B3E0000860234800680028FBD170BD2DE9F041BA
:10B3F00080460F001D4C1D4D5FEA18285FEA0828A3
:10B4000058F0BC48002614E03968C8F800103F1D09
:10B41000401C0428F8DB18F110660800F021F8F051
:10B42000202860002013490860124800680028FBAB
:10B43000D1761C102E12DA07200E4908600D480044
:10B44000680728FBD1F020286000F00AF8AA202025
:10B450006055202860A02020600020DAE7BDE8F0D9
:10B460008105480068C007FBD570470054005E00A6
:10B47000AA005E4001FF5D2000FF5D00100E40F954
:10B480009DFD0004110E4085A1FD0004120E4087B1
:10B49000A1FD0004130E4025A4FD001302031217A2
:10B4A0000708090C0A0B040F0D0E061016220000E7
:10B4B000EF01FD0076E000E000300F4000000C409E
:10B4C00000010C4000020C4000030C4000040C4042
:10B4D00000050C4000060C4000070C4000080C4022
:10B4E00000090C40000A0C40000C0C40000D0C4000
:10B4F00000400C4000410C4000420C4000430C4016
:10B5000000440C4000450C4000460C4000470C40F5
:10B5100000480C4000490C4000100E4000110E4045
:10B5200000120E4000130E4000200F40FCAA000342
:10B5300008BCB10000B16F000003FD000040F50041
:10B5400008C8B100000184000003FD000040F500C0
:10B5500008D4B100008D7F000003FD000040F5001D
:10B560000814B200001D80000003FD0000FAF50081
:10B57000089CB10000697A000003FD00015802F642
:10B580000008E0B10000C185000003FD000190014A
:0FB59000F60005ECB100005179FA000040F5001B
:020000040005F5
:04FF0000D0652F9AFF
:040000050000B1F94D
:00000001FF
